---
-
   Version      : 1.7
   Ways         : 16
   Words        : 1
   Feedback     : 0
   WordBits     : 32
   IndexBits    : 32
   Sort Order   : 0
   Sign Compare : 0
   Max Size     : 268435455
   Debug Enable : 1
   size         : 5000
   average_time :    0.322 # [msec]
   throughput   :   15.537 # [mwords/sec]
   Debug_Time(0):    0.362 # [msec]
   Debug_Time(1):    0.059 # [msec]
   Debug_Time(2):    0.167 # [msec]
   Debug_Time(3):    0.080 # [msec]
   Debug_Time(4):    0.056 # [msec]
-
   Version      : 1.7
   Ways         : 16
   Words        : 1
   Feedback     : 0
   WordBits     : 32
   IndexBits    : 32
   Sort Order   : 0
   Sign Compare : 0
   Max Size     : 268435455
   Debug Enable : 1
   size         : 10000
   average_time :    0.452 # [msec]
   throughput   :   22.123 # [mwords/sec]
   Debug_Time(0):    0.693 # [msec]
   Debug_Time(1):    0.115 # [msec]
   Debug_Time(2):    0.329 # [msec]
   Debug_Time(3):    0.141 # [msec]
   Debug_Time(4):    0.109 # [msec]
-
   Version      : 1.7
   Ways         : 16
   Words        : 1
   Feedback     : 0
   WordBits     : 32
   IndexBits    : 32
   Sort Order   : 0
   Sign Compare : 0
   Max Size     : 268435455
   Debug Enable : 1
   size         : 15000
   average_time :    0.593 # [msec]
   throughput   :   25.280 # [mwords/sec]
   Debug_Time(0):    1.032 # [msec]
   Debug_Time(1):    0.171 # [msec]
   Debug_Time(2):    0.490 # [msec]
   Debug_Time(3):    0.210 # [msec]
   Debug_Time(4):    0.161 # [msec]
-
   Version      : 1.7
   Ways         : 16
   Words        : 1
   Feedback     : 0
   WordBits     : 32
   IndexBits    : 32
   Sort Order   : 0
   Sign Compare : 0
   Max Size     : 268435455
   Debug Enable : 1
   size         : 20000
   average_time :    0.734 # [msec]
   throughput   :   27.244 # [mwords/sec]
   Debug_Time(0):    1.375 # [msec]
   Debug_Time(1):    0.228 # [msec]
   Debug_Time(2):    0.651 # [msec]
   Debug_Time(3):    0.282 # [msec]
   Debug_Time(4):    0.213 # [msec]
-
   Version      : 1.7
   Ways         : 16
   Words        : 1
   Feedback     : 0
   WordBits     : 32
   IndexBits    : 32
   Sort Order   : 0
   Sign Compare : 0
   Max Size     : 268435455
   Debug Enable : 1
   size         : 25000
   average_time :    0.877 # [msec]
   throughput   :   28.504 # [mwords/sec]
   Debug_Time(0):    1.725 # [msec]
   Debug_Time(1):    0.284 # [msec]
   Debug_Time(2):    0.820 # [msec]
   Debug_Time(3):    0.352 # [msec]
   Debug_Time(4):    0.268 # [msec]
-
   Version      : 1.7
   Ways         : 16
   Words        : 1
   Feedback     : 0
   WordBits     : 32
   IndexBits    : 32
   Sort Order   : 0
   Sign Compare : 0
   Max Size     : 268435455
   Debug Enable : 1
   size         : 30000
   average_time :    1.001 # [msec]
   throughput   :   29.956 # [mwords/sec]
   Debug_Time(0):    2.050 # [msec]
   Debug_Time(1):    0.340 # [msec]
   Debug_Time(2):    0.978 # [msec]
   Debug_Time(3):    0.411 # [msec]
   Debug_Time(4):    0.321 # [msec]
-
   Version      : 1.7
   Ways         : 16
   Words        : 1
   Feedback     : 0
   WordBits     : 32
   IndexBits    : 32
   Sort Order   : 0
   Sign Compare : 0
   Max Size     : 268435455
   Debug Enable : 1
   size         : 35000
   average_time :    1.142 # [msec]
   throughput   :   30.640 # [mwords/sec]
   Debug_Time(0):    2.378 # [msec]
   Debug_Time(1):    0.396 # [msec]
   Debug_Time(2):    1.134 # [msec]
   Debug_Time(3):    0.475 # [msec]
   Debug_Time(4):    0.374 # [msec]
-
   Version      : 1.7
   Ways         : 16
   Words        : 1
   Feedback     : 0
   WordBits     : 32
   IndexBits    : 32
   Sort Order   : 0
   Sign Compare : 0
   Max Size     : 268435455
   Debug Enable : 1
   size         : 40000
   average_time :    1.291 # [msec]
   throughput   :   30.976 # [mwords/sec]
   Debug_Time(0):    2.729 # [msec]
   Debug_Time(1):    0.453 # [msec]
   Debug_Time(2):    1.295 # [msec]
   Debug_Time(3):    0.553 # [msec]
   Debug_Time(4):    0.427 # [msec]
-
   Version      : 1.7
   Ways         : 16
   Words        : 1
   Feedback     : 0
   WordBits     : 32
   IndexBits    : 32
   Sort Order   : 0
   Sign Compare : 0
   Max Size     : 268435455
   Debug Enable : 1
   size         : 45000
   average_time :    1.429 # [msec]
   throughput   :   31.496 # [mwords/sec]
   Debug_Time(0):    3.068 # [msec]
   Debug_Time(1):    0.509 # [msec]
   Debug_Time(2):    1.462 # [msec]
   Debug_Time(3):    0.616 # [msec]
   Debug_Time(4):    0.481 # [msec]
-
   Version      : 1.7
   Ways         : 16
   Words        : 1
   Feedback     : 0
   WordBits     : 32
   IndexBits    : 32
   Sort Order   : 0
   Sign Compare : 0
   Max Size     : 268435455
   Debug Enable : 1
   size         : 50000
   average_time :    1.558 # [msec]
   throughput   :   32.101 # [mwords/sec]
   Debug_Time(0):    3.401 # [msec]
   Debug_Time(1):    0.565 # [msec]
   Debug_Time(2):    1.618 # [msec]
   Debug_Time(3):    0.683 # [msec]
   Debug_Time(4):    0.535 # [msec]
-
   Version      : 1.7
   Ways         : 16
   Words        : 1
   Feedback     : 0
   WordBits     : 32
   IndexBits    : 32
   Sort Order   : 0
   Sign Compare : 0
   Max Size     : 268435455
   Debug Enable : 1
   size         : 55000
   average_time :    1.701 # [msec]
   throughput   :   32.335 # [mwords/sec]
   Debug_Time(0):    3.721 # [msec]
   Debug_Time(1):    0.622 # [msec]
   Debug_Time(2):    1.770 # [msec]
   Debug_Time(3):    0.742 # [msec]
   Debug_Time(4):    0.588 # [msec]
-
   Version      : 1.7
   Ways         : 16
   Words        : 1
   Feedback     : 0
   WordBits     : 32
   IndexBits    : 32
   Sort Order   : 0
   Sign Compare : 0
   Max Size     : 268435455
   Debug Enable : 1
   size         : 60000
   average_time :    1.839 # [msec]
   throughput   :   32.632 # [mwords/sec]
   Debug_Time(0):    4.058 # [msec]
   Debug_Time(1):    0.678 # [msec]
   Debug_Time(2):    1.934 # [msec]
   Debug_Time(3):    0.807 # [msec]
   Debug_Time(4):    0.639 # [msec]
-
   Version      : 1.7
   Ways         : 16
   Words        : 1
   Feedback     : 0
   WordBits     : 32
   IndexBits    : 32
   Sort Order   : 0
   Sign Compare : 0
   Max Size     : 268435455
   Debug Enable : 1
   size         : 65000
   average_time :    1.983 # [msec]
   throughput   :   32.771 # [mwords/sec]
   Debug_Time(0):    4.430 # [msec]
   Debug_Time(1):    0.735 # [msec]
   Debug_Time(2):    2.118 # [msec]
   Debug_Time(3):    0.885 # [msec]
   Debug_Time(4):    0.693 # [msec]
-
   Version      : 1.7
   Ways         : 16
   Words        : 1
   Feedback     : 0
   WordBits     : 32
   IndexBits    : 32
   Sort Order   : 0
   Sign Compare : 0
   Max Size     : 268435455
   Debug Enable : 1
   size         : 70000
   average_time :    2.421 # [msec]
   throughput   :   28.918 # [mwords/sec]
   Debug_Time(0):    5.649 # [msec]
   Debug_Time(1):    0.807 # [msec]
   Debug_Time(2):    2.432 # [msec]
   Debug_Time(3):    0.960 # [msec]
   Debug_Time(4):    0.742 # [msec]
   Debug_Time(5):    0.708 # [msec]
-
   Version      : 1.7
   Ways         : 16
   Words        : 1
   Feedback     : 0
   WordBits     : 32
   IndexBits    : 32
   Sort Order   : 0
   Sign Compare : 0
   Max Size     : 268435455
   Debug Enable : 1
   size         : 75000
   average_time :    2.655 # [msec]
   throughput   :   28.252 # [mwords/sec]
   Debug_Time(0):    6.714 # [msec]
   Debug_Time(1):    1.645 # [msec]
   Debug_Time(2):    2.492 # [msec]
   Debug_Time(3):    1.026 # [msec]
   Debug_Time(4):    0.791 # [msec]
   Debug_Time(5):    0.759 # [msec]
-
   Version      : 1.7
   Ways         : 16
   Words        : 1
   Feedback     : 0
   WordBits     : 32
   IndexBits    : 32
   Sort Order   : 0
   Sign Compare : 0
   Max Size     : 268435455
   Debug Enable : 1
   size         : 80000
   average_time :    2.844 # [msec]
   throughput   :   28.127 # [mwords/sec]
   Debug_Time(0):    7.070 # [msec]
   Debug_Time(1):    1.743 # [msec]
   Debug_Time(2):    2.597 # [msec]
   Debug_Time(3):    1.076 # [msec]
   Debug_Time(4):    0.845 # [msec]
   Debug_Time(5):    0.809 # [msec]
-
   Version      : 1.7
   Ways         : 16
   Words        : 1
   Feedback     : 0
   WordBits     : 32
   IndexBits    : 32
   Sort Order   : 0
   Sign Compare : 0
   Max Size     : 268435455
   Debug Enable : 1
   size         : 85000
   average_time :    3.098 # [msec]
   throughput   :   27.437 # [mwords/sec]
   Debug_Time(0):    7.458 # [msec]
   Debug_Time(1):    1.824 # [msec]
   Debug_Time(2):    2.725 # [msec]
   Debug_Time(3):    1.152 # [msec]
   Debug_Time(4):    0.898 # [msec]
   Debug_Time(5):    0.860 # [msec]
-
   Version      : 1.7
   Ways         : 16
   Words        : 1
   Feedback     : 0
   WordBits     : 32
   IndexBits    : 32
   Sort Order   : 0
   Sign Compare : 0
   Max Size     : 268435455
   Debug Enable : 1
   size         : 90000
   average_time :    3.288 # [msec]
   throughput   :   27.368 # [mwords/sec]
   Debug_Time(0):    7.613 # [msec]
   Debug_Time(1):    1.661 # [msec]
   Debug_Time(2):    2.880 # [msec]
   Debug_Time(3):    1.213 # [msec]
   Debug_Time(4):    0.951 # [msec]
   Debug_Time(5):    0.908 # [msec]
-
   Version      : 1.7
   Ways         : 16
   Words        : 1
   Feedback     : 0
   WordBits     : 32
   IndexBits    : 32
   Sort Order   : 0
   Sign Compare : 0
   Max Size     : 268435455
   Debug Enable : 1
   size         : 95000
   average_time :    3.470 # [msec]
   throughput   :   27.379 # [mwords/sec]
   Debug_Time(0):    7.907 # [msec]
   Debug_Time(1):    1.620 # [msec]
   Debug_Time(2):    3.042 # [msec]
   Debug_Time(3):    1.282 # [msec]
   Debug_Time(4):    1.005 # [msec]
   Debug_Time(5):    0.957 # [msec]
-
   Version      : 1.7
   Ways         : 16
   Words        : 1
   Feedback     : 0
   WordBits     : 32
   IndexBits    : 32
   Sort Order   : 0
   Sign Compare : 0
   Max Size     : 268435455
   Debug Enable : 1
   size         : 100000
   average_time :    3.696 # [msec]
   throughput   :   27.060 # [mwords/sec]
   Debug_Time(0):    8.458 # [msec]
   Debug_Time(1):    1.839 # [msec]
   Debug_Time(2):    3.200 # [msec]
   Debug_Time(3):    1.350 # [msec]
   Debug_Time(4):    1.062 # [msec]
   Debug_Time(5):    1.008 # [msec]
-
   Version      : 1.7
   Ways         : 16
   Words        : 1
   Feedback     : 0
   WordBits     : 32
   IndexBits    : 32
   Sort Order   : 0
   Sign Compare : 0
   Max Size     : 268435455
   Debug Enable : 1
   size         : 105000
   average_time :    3.848 # [msec]
   throughput   :   27.288 # [mwords/sec]
   Debug_Time(0):    8.371 # [msec]
   Debug_Time(1):    1.438 # [msec]
   Debug_Time(2):    3.353 # [msec]
   Debug_Time(3):    1.407 # [msec]
   Debug_Time(4):    1.116 # [msec]
   Debug_Time(5):    1.057 # [msec]
-
   Version      : 1.7
   Ways         : 16
   Words        : 1
   Feedback     : 0
   WordBits     : 32
   IndexBits    : 32
   Sort Order   : 0
   Sign Compare : 0
   Max Size     : 268435455
   Debug Enable : 1
   size         : 110000
   average_time :    4.010 # [msec]
   throughput   :   27.430 # [mwords/sec]
   Debug_Time(0):    8.851 # [msec]
   Debug_Time(1):    1.574 # [msec]
   Debug_Time(2):    3.523 # [msec]
   Debug_Time(3):    1.481 # [msec]
   Debug_Time(4):    1.166 # [msec]
   Debug_Time(5):    1.107 # [msec]
-
   Version      : 1.7
   Ways         : 16
   Words        : 1
   Feedback     : 0
   WordBits     : 32
   IndexBits    : 32
   Sort Order   : 0
   Sign Compare : 0
   Max Size     : 268435455
   Debug Enable : 1
   size         : 115000
   average_time :    4.215 # [msec]
   throughput   :   27.283 # [mwords/sec]
   Debug_Time(0):    9.358 # [msec]
   Debug_Time(1):    1.752 # [msec]
   Debug_Time(2):    3.675 # [msec]
   Debug_Time(3):    1.548 # [msec]
   Debug_Time(4):    1.226 # [msec]
   Debug_Time(5):    1.157 # [msec]
-
   Version      : 1.7
   Ways         : 16
   Words        : 1
   Feedback     : 0
   WordBits     : 32
   IndexBits    : 32
   Sort Order   : 0
   Sign Compare : 0
   Max Size     : 268435455
   Debug Enable : 1
   size         : 120000
   average_time :    4.331 # [msec]
   throughput   :   27.707 # [mwords/sec]
   Debug_Time(0):    9.513 # [msec]
   Debug_Time(1):    1.576 # [msec]
   Debug_Time(2):    3.835 # [msec]
   Debug_Time(3):    1.611 # [msec]
   Debug_Time(4):    1.284 # [msec]
   Debug_Time(5):    1.207 # [msec]
-
   Version      : 1.7
   Ways         : 16
   Words        : 1
   Feedback     : 0
   WordBits     : 32
   IndexBits    : 32
   Sort Order   : 0
   Sign Compare : 0
   Max Size     : 268435455
   Debug Enable : 1
   size         : 125000
   average_time :    4.571 # [msec]
   throughput   :   27.349 # [mwords/sec]
   Debug_Time(0):   10.300 # [msec]
   Debug_Time(1):    2.032 # [msec]
   Debug_Time(2):    4.003 # [msec]
   Debug_Time(3):    1.682 # [msec]
   Debug_Time(4):    1.325 # [msec]
   Debug_Time(5):    1.259 # [msec]
-
   Version      : 1.7
   Ways         : 16
   Words        : 1
   Feedback     : 0
   WordBits     : 32
   IndexBits    : 32
   Sort Order   : 0
   Sign Compare : 0
   Max Size     : 268435455
   Debug Enable : 1
   size         : 130000
   average_time :    4.723 # [msec]
   throughput   :   27.527 # [mwords/sec]
   Debug_Time(0):   10.670 # [msec]
   Debug_Time(1):    2.076 # [msec]
   Debug_Time(2):    4.159 # [msec]
   Debug_Time(3):    1.744 # [msec]
   Debug_Time(4):    1.382 # [msec]
   Debug_Time(5):    1.309 # [msec]
-
   Version      : 1.7
   Ways         : 16
   Words        : 1
   Feedback     : 0
   WordBits     : 32
   IndexBits    : 32
   Sort Order   : 0
   Sign Compare : 0
   Max Size     : 268435455
   Debug Enable : 1
   size         : 135000
   average_time :    4.916 # [msec]
   throughput   :   27.462 # [mwords/sec]
   Debug_Time(0):   11.248 # [msec]
   Debug_Time(1):    2.325 # [msec]
   Debug_Time(2):    4.317 # [msec]
   Debug_Time(3):    1.816 # [msec]
   Debug_Time(4):    1.428 # [msec]
   Debug_Time(5):    1.361 # [msec]
-
   Version      : 1.7
   Ways         : 16
   Words        : 1
   Feedback     : 0
   WordBits     : 32
   IndexBits    : 32
   Sort Order   : 0
   Sign Compare : 0
   Max Size     : 268435455
   Debug Enable : 1
   size         : 140000
   average_time :    5.100 # [msec]
   throughput   :   27.451 # [mwords/sec]
   Debug_Time(0):   11.675 # [msec]
   Debug_Time(1):    2.427 # [msec]
   Debug_Time(2):    4.477 # [msec]
   Debug_Time(3):    1.881 # [msec]
   Debug_Time(4):    1.480 # [msec]
   Debug_Time(5):    1.410 # [msec]
-
   Version      : 1.7
   Ways         : 16
   Words        : 1
   Feedback     : 0
   WordBits     : 32
   IndexBits    : 32
   Sort Order   : 0
   Sign Compare : 0
   Max Size     : 268435455
   Debug Enable : 1
   size         : 145000
   average_time :    5.288 # [msec]
   throughput   :   27.420 # [mwords/sec]
   Debug_Time(0):   12.213 # [msec]
   Debug_Time(1):    2.637 # [msec]
   Debug_Time(2):    4.638 # [msec]
   Debug_Time(3):    1.947 # [msec]
   Debug_Time(4):    1.531 # [msec]
   Debug_Time(5):    1.460 # [msec]
-
   Version      : 1.7
   Ways         : 16
   Words        : 1
   Feedback     : 0
   WordBits     : 32
   IndexBits    : 32
   Sort Order   : 0
   Sign Compare : 0
   Max Size     : 268435455
   Debug Enable : 1
   size         : 150000
   average_time :    5.449 # [msec]
   throughput   :   27.527 # [mwords/sec]
   Debug_Time(0):   12.673 # [msec]
   Debug_Time(1):    2.772 # [msec]
   Debug_Time(2):    4.801 # [msec]
   Debug_Time(3):    2.006 # [msec]
   Debug_Time(4):    1.584 # [msec]
   Debug_Time(5):    1.510 # [msec]
-
   Version      : 1.7
   Ways         : 16
   Words        : 1
   Feedback     : 0
   WordBits     : 32
   IndexBits    : 32
   Sort Order   : 0
   Sign Compare : 0
   Max Size     : 268435455
   Debug Enable : 1
   size         : 155000
   average_time :    5.627 # [msec]
   throughput   :   27.546 # [mwords/sec]
   Debug_Time(0):   13.150 # [msec]
   Debug_Time(1):    2.917 # [msec]
   Debug_Time(2):    4.953 # [msec]
   Debug_Time(3):    2.078 # [msec]
   Debug_Time(4):    1.641 # [msec]
   Debug_Time(5):    1.561 # [msec]
-
   Version      : 1.7
   Ways         : 16
   Words        : 1
   Feedback     : 0
   WordBits     : 32
   IndexBits    : 32
   Sort Order   : 0
   Sign Compare : 0
   Max Size     : 268435455
   Debug Enable : 1
   size         : 160000
   average_time :    5.821 # [msec]
   throughput   :   27.486 # [mwords/sec]
   Debug_Time(0):   13.630 # [msec]
   Debug_Time(1):    3.062 # [msec]
   Debug_Time(2):    5.115 # [msec]
   Debug_Time(3):    2.147 # [msec]
   Debug_Time(4):    1.695 # [msec]
   Debug_Time(5):    1.611 # [msec]
-
   Version      : 1.7
   Ways         : 16
   Words        : 1
   Feedback     : 0
   WordBits     : 32
   IndexBits    : 32
   Sort Order   : 0
   Sign Compare : 0
   Max Size     : 268435455
   Debug Enable : 1
   size         : 165000
   average_time :    5.989 # [msec]
   throughput   :   27.549 # [mwords/sec]
   Debug_Time(0):   14.097 # [msec]
   Debug_Time(1):    3.204 # [msec]
   Debug_Time(2):    5.276 # [msec]
   Debug_Time(3):    2.209 # [msec]
   Debug_Time(4):    1.745 # [msec]
   Debug_Time(5):    1.662 # [msec]
-
   Version      : 1.7
   Ways         : 16
   Words        : 1
   Feedback     : 0
   WordBits     : 32
   IndexBits    : 32
   Sort Order   : 0
   Sign Compare : 0
   Max Size     : 268435455
   Debug Enable : 1
   size         : 170000
   average_time :    6.138 # [msec]
   throughput   :   27.695 # [mwords/sec]
   Debug_Time(0):   14.516 # [msec]
   Debug_Time(1):    3.296 # [msec]
   Debug_Time(2):    5.434 # [msec]
   Debug_Time(3):    2.271 # [msec]
   Debug_Time(4):    1.802 # [msec]
   Debug_Time(5):    1.712 # [msec]
-
   Version      : 1.7
   Ways         : 16
   Words        : 1
   Feedback     : 0
   WordBits     : 32
   IndexBits    : 32
   Sort Order   : 0
   Sign Compare : 0
   Max Size     : 268435455
   Debug Enable : 1
   size         : 175000
   average_time :    6.349 # [msec]
   throughput   :   27.563 # [mwords/sec]
   Debug_Time(0):   15.050 # [msec]
   Debug_Time(1):    3.488 # [msec]
   Debug_Time(2):    5.594 # [msec]
   Debug_Time(3):    2.350 # [msec]
   Debug_Time(4):    1.856 # [msec]
   Debug_Time(5):    1.762 # [msec]
-
   Version      : 1.7
   Ways         : 16
   Words        : 1
   Feedback     : 0
   WordBits     : 32
   IndexBits    : 32
   Sort Order   : 0
   Sign Compare : 0
   Max Size     : 268435455
   Debug Enable : 1
   size         : 180000
   average_time :    6.564 # [msec]
   throughput   :   27.422 # [mwords/sec]
   Debug_Time(0):   15.697 # [msec]
   Debug_Time(1):    3.814 # [msec]
   Debug_Time(2):    5.756 # [msec]
   Debug_Time(3):    2.409 # [msec]
   Debug_Time(4):    1.908 # [msec]
   Debug_Time(5):    1.811 # [msec]
-
   Version      : 1.7
   Ways         : 16
   Words        : 1
   Feedback     : 0
   WordBits     : 32
   IndexBits    : 32
   Sort Order   : 0
   Sign Compare : 0
   Max Size     : 268435455
   Debug Enable : 1
   size         : 185000
   average_time :    6.728 # [msec]
   throughput   :   27.495 # [mwords/sec]
   Debug_Time(0):   16.096 # [msec]
   Debug_Time(1):    3.869 # [msec]
   Debug_Time(2):    5.920 # [msec]
   Debug_Time(3):    2.487 # [msec]
   Debug_Time(4):    1.959 # [msec]
   Debug_Time(5):    1.861 # [msec]
-
   Version      : 1.7
   Ways         : 16
   Words        : 1
   Feedback     : 0
   WordBits     : 32
   IndexBits    : 32
   Sort Order   : 0
   Sign Compare : 0
   Max Size     : 268435455
   Debug Enable : 1
   size         : 190000
   average_time :    6.894 # [msec]
   throughput   :   27.559 # [mwords/sec]
   Debug_Time(0):   16.571 # [msec]
   Debug_Time(1):    4.030 # [msec]
   Debug_Time(2):    6.069 # [msec]
   Debug_Time(3):    2.551 # [msec]
   Debug_Time(4):    2.010 # [msec]
   Debug_Time(5):    1.910 # [msec]
-
   Version      : 1.7
   Ways         : 16
   Words        : 1
   Feedback     : 0
   WordBits     : 32
   IndexBits    : 32
   Sort Order   : 0
   Sign Compare : 0
   Max Size     : 268435455
   Debug Enable : 1
   size         : 195000
   average_time :    7.079 # [msec]
   throughput   :   27.546 # [mwords/sec]
   Debug_Time(0):   17.052 # [msec]
   Debug_Time(1):    4.173 # [msec]
   Debug_Time(2):    6.235 # [msec]
   Debug_Time(3):    2.615 # [msec]
   Debug_Time(4):    2.068 # [msec]
   Debug_Time(5):    1.961 # [msec]
-
   Version      : 1.7
   Ways         : 16
   Words        : 1
   Feedback     : 0
   WordBits     : 32
   IndexBits    : 32
   Sort Order   : 0
   Sign Compare : 0
   Max Size     : 268435455
   Debug Enable : 1
   size         : 200000
   average_time :    7.248 # [msec]
   throughput   :   27.593 # [mwords/sec]
   Debug_Time(0):   17.443 # [msec]
   Debug_Time(1):    4.237 # [msec]
   Debug_Time(2):    6.391 # [msec]
   Debug_Time(3):    2.688 # [msec]
   Debug_Time(4):    2.113 # [msec]
   Debug_Time(5):    2.014 # [msec]
-
   Version      : 1.7
   Ways         : 16
   Words        : 1
   Feedback     : 0
   WordBits     : 32
   IndexBits    : 32
   Sort Order   : 0
   Sign Compare : 0
   Max Size     : 268435455
   Debug Enable : 1
   size         : 205000
   average_time :    7.417 # [msec]
   throughput   :   27.640 # [mwords/sec]
   Debug_Time(0):   17.810 # [msec]
   Debug_Time(1):    4.281 # [msec]
   Debug_Time(2):    6.552 # [msec]
   Debug_Time(3):    2.747 # [msec]
   Debug_Time(4):    2.165 # [msec]
   Debug_Time(5):    2.064 # [msec]
-
   Version      : 1.7
   Ways         : 16
   Words        : 1
   Feedback     : 0
   WordBits     : 32
   IndexBits    : 32
   Sort Order   : 0
   Sign Compare : 0
   Max Size     : 268435455
   Debug Enable : 1
   size         : 210000
   average_time :    7.612 # [msec]
   throughput   :   27.589 # [mwords/sec]
   Debug_Time(0):   18.355 # [msec]
   Debug_Time(1):    4.493 # [msec]
   Debug_Time(2):    6.712 # [msec]
   Debug_Time(3):    2.813 # [msec]
   Debug_Time(4):    2.223 # [msec]
   Debug_Time(5):    2.115 # [msec]
-
   Version      : 1.7
   Ways         : 16
   Words        : 1
   Feedback     : 0
   WordBits     : 32
   IndexBits    : 32
   Sort Order   : 0
   Sign Compare : 0
   Max Size     : 268435455
   Debug Enable : 1
   size         : 215000
   average_time :    7.770 # [msec]
   throughput   :   27.671 # [mwords/sec]
   Debug_Time(0):   18.760 # [msec]
   Debug_Time(1):    4.547 # [msec]
   Debug_Time(2):    6.877 # [msec]
   Debug_Time(3):    2.886 # [msec]
   Debug_Time(4):    2.284 # [msec]
   Debug_Time(5):    2.166 # [msec]
-
   Version      : 1.7
   Ways         : 16
   Words        : 1
   Feedback     : 0
   WordBits     : 32
   IndexBits    : 32
   Sort Order   : 0
   Sign Compare : 0
   Max Size     : 268435455
   Debug Enable : 1
   size         : 220000
   average_time :    7.993 # [msec]
   throughput   :   27.523 # [mwords/sec]
   Debug_Time(0):   19.521 # [msec]
   Debug_Time(1):    4.834 # [msec]
   Debug_Time(2):    7.189 # [msec]
   Debug_Time(3):    2.953 # [msec]
   Debug_Time(4):    2.330 # [msec]
   Debug_Time(5):    2.214 # [msec]
-
   Version      : 1.7
   Ways         : 16
   Words        : 1
   Feedback     : 0
   WordBits     : 32
   IndexBits    : 32
   Sort Order   : 0
   Sign Compare : 0
   Max Size     : 268435455
   Debug Enable : 1
   size         : 225000
   average_time :    8.156 # [msec]
   throughput   :   27.586 # [mwords/sec]
   Debug_Time(0):   19.795 # [msec]
   Debug_Time(1):    4.857 # [msec]
   Debug_Time(2):    7.274 # [msec]
   Debug_Time(3):    3.021 # [msec]
   Debug_Time(4):    2.379 # [msec]
   Debug_Time(5):    2.264 # [msec]
-
   Version      : 1.7
   Ways         : 16
   Words        : 1
   Feedback     : 0
   WordBits     : 32
   IndexBits    : 32
   Sort Order   : 0
   Sign Compare : 0
   Max Size     : 268435455
   Debug Enable : 1
   size         : 230000
   average_time :    8.345 # [msec]
   throughput   :   27.563 # [mwords/sec]
   Debug_Time(0):   20.348 # [msec]
   Debug_Time(1):    5.108 # [msec]
   Debug_Time(2):    7.385 # [msec]
   Debug_Time(3):    3.099 # [msec]
   Debug_Time(4):    2.443 # [msec]
   Debug_Time(5):    2.313 # [msec]
-
   Version      : 1.7
   Ways         : 16
   Words        : 1
   Feedback     : 0
   WordBits     : 32
   IndexBits    : 32
   Sort Order   : 0
   Sign Compare : 0
   Max Size     : 268435455
   Debug Enable : 1
   size         : 235000
   average_time :    8.527 # [msec]
   throughput   :   27.560 # [mwords/sec]
   Debug_Time(0):   20.520 # [msec]
   Debug_Time(1):    4.905 # [msec]
   Debug_Time(2):    7.605 # [msec]
   Debug_Time(3):    3.158 # [msec]
   Debug_Time(4):    2.488 # [msec]
   Debug_Time(5):    2.364 # [msec]
-
   Version      : 1.7
   Ways         : 16
   Words        : 1
   Feedback     : 0
   WordBits     : 32
   IndexBits    : 32
   Sort Order   : 0
   Sign Compare : 0
   Max Size     : 268435455
   Debug Enable : 1
   size         : 240000
   average_time :    8.702 # [msec]
   throughput   :   27.579 # [mwords/sec]
   Debug_Time(0):   21.019 # [msec]
   Debug_Time(1):    5.053 # [msec]
   Debug_Time(2):    7.781 # [msec]
   Debug_Time(3):    3.225 # [msec]
   Debug_Time(4):    2.546 # [msec]
   Debug_Time(5):    2.414 # [msec]
-
   Version      : 1.7
   Ways         : 16
   Words        : 1
   Feedback     : 0
   WordBits     : 32
   IndexBits    : 32
   Sort Order   : 0
   Sign Compare : 0
   Max Size     : 268435455
   Debug Enable : 1
   size         : 245000
   average_time :    8.896 # [msec]
   throughput   :   27.542 # [mwords/sec]
   Debug_Time(0):   21.443 # [msec]
   Debug_Time(1):    5.162 # [msec]
   Debug_Time(2):    7.925 # [msec]
   Debug_Time(3):    3.295 # [msec]
   Debug_Time(4):    2.595 # [msec]
   Debug_Time(5):    2.465 # [msec]
-
   Version      : 1.7
   Ways         : 16
   Words        : 1
   Feedback     : 0
   WordBits     : 32
   IndexBits    : 32
   Sort Order   : 0
   Sign Compare : 0
   Max Size     : 268435455
   Debug Enable : 1
   size         : 250000
   average_time :    9.059 # [msec]
   throughput   :   27.597 # [mwords/sec]
   Debug_Time(0):   21.909 # [msec]
   Debug_Time(1):    5.306 # [msec]
   Debug_Time(2):    8.084 # [msec]
   Debug_Time(3):    3.358 # [msec]
   Debug_Time(4):    2.645 # [msec]
   Debug_Time(5):    2.515 # [msec]
-
   Version      : 1.7
   Ways         : 16
   Words        : 1
   Feedback     : 0
   WordBits     : 32
   IndexBits    : 32
   Sort Order   : 0
   Sign Compare : 0
   Max Size     : 268435455
   Debug Enable : 1
   size         : 255000
   average_time :    9.238 # [msec]
   throughput   :   27.604 # [mwords/sec]
   Debug_Time(0):   22.430 # [msec]
   Debug_Time(1):    5.463 # [msec]
   Debug_Time(2):    8.256 # [msec]
   Debug_Time(3):    3.435 # [msec]
   Debug_Time(4):    2.710 # [msec]
   Debug_Time(5):    2.566 # [msec]
-
   Version      : 1.7
   Ways         : 16
   Words        : 1
   Feedback     : 0
   WordBits     : 32
   IndexBits    : 32
   Sort Order   : 0
   Sign Compare : 0
   Max Size     : 268435455
   Debug Enable : 1
   size         : 260000
   average_time :    9.395 # [msec]
   throughput   :   27.674 # [mwords/sec]
   Debug_Time(0):   22.825 # [msec]
   Debug_Time(1):    5.561 # [msec]
   Debug_Time(2):    8.404 # [msec]
   Debug_Time(3):    3.496 # [msec]
   Debug_Time(4):    2.749 # [msec]
   Debug_Time(5):    2.615 # [msec]
-
   Version      : 1.7
   Ways         : 16
   Words        : 1
   Feedback     : 0
   WordBits     : 32
   IndexBits    : 32
   Sort Order   : 0
   Sign Compare : 0
   Max Size     : 268435455
   Debug Enable : 1
   size         : 265000
   average_time :    9.604 # [msec]
   throughput   :   27.592 # [mwords/sec]
   Debug_Time(0):   23.364 # [msec]
   Debug_Time(1):    5.740 # [msec]
   Debug_Time(2):    8.590 # [msec]
   Debug_Time(3):    3.558 # [msec]
   Debug_Time(4):    2.809 # [msec]
   Debug_Time(5):    2.667 # [msec]
-
   Version      : 1.7
   Ways         : 16
   Words        : 1
   Feedback     : 0
   WordBits     : 32
   IndexBits    : 32
   Sort Order   : 0
   Sign Compare : 0
   Max Size     : 268435455
   Debug Enable : 1
   size         : 270000
   average_time :    9.772 # [msec]
   throughput   :   27.629 # [mwords/sec]
   Debug_Time(0):   23.714 # [msec]
   Debug_Time(1):    5.791 # [msec]
   Debug_Time(2):    8.734 # [msec]
   Debug_Time(3):    3.614 # [msec]
   Debug_Time(4):    2.858 # [msec]
   Debug_Time(5):    2.716 # [msec]
-
   Version      : 1.7
   Ways         : 16
   Words        : 1
   Feedback     : 0
   WordBits     : 32
   IndexBits    : 32
   Sort Order   : 0
   Sign Compare : 0
   Max Size     : 268435455
   Debug Enable : 1
   size         : 275000
   average_time :    9.948 # [msec]
   throughput   :   27.643 # [mwords/sec]
   Debug_Time(0):   24.119 # [msec]
   Debug_Time(1):    5.835 # [msec]
   Debug_Time(2):    8.915 # [msec]
   Debug_Time(3):    3.690 # [msec]
   Debug_Time(4):    2.912 # [msec]
   Debug_Time(5):    2.766 # [msec]
-
   Version      : 1.7
   Ways         : 16
   Words        : 1
   Feedback     : 0
   WordBits     : 32
   IndexBits    : 32
   Sort Order   : 0
   Sign Compare : 0
   Max Size     : 268435455
   Debug Enable : 1
   size         : 280000
   average_time :   10.094 # [msec]
   throughput   :   27.740 # [mwords/sec]
   Debug_Time(0):   24.500 # [msec]
   Debug_Time(1):    5.978 # [msec]
   Debug_Time(2):    8.979 # [msec]
   Debug_Time(3):    3.764 # [msec]
   Debug_Time(4):    2.963 # [msec]
   Debug_Time(5):    2.816 # [msec]
-
   Version      : 1.7
   Ways         : 16
   Words        : 1
   Feedback     : 0
   WordBits     : 32
   IndexBits    : 32
   Sort Order   : 0
   Sign Compare : 0
   Max Size     : 268435455
   Debug Enable : 1
   size         : 285000
   average_time :   10.302 # [msec]
   throughput   :   27.665 # [mwords/sec]
   Debug_Time(0):   25.000 # [msec]
   Debug_Time(1):    6.001 # [msec]
   Debug_Time(2):    9.268 # [msec]
   Debug_Time(3):    3.844 # [msec]
   Debug_Time(4):    3.020 # [msec]
   Debug_Time(5):    2.867 # [msec]
-
   Version      : 1.7
   Ways         : 16
   Words        : 1
   Feedback     : 0
   WordBits     : 32
   IndexBits    : 32
   Sort Order   : 0
   Sign Compare : 0
   Max Size     : 268435455
   Debug Enable : 1
   size         : 290000
   average_time :   10.461 # [msec]
   throughput   :   27.723 # [mwords/sec]
   Debug_Time(0):   25.680 # [msec]
   Debug_Time(1):    6.221 # [msec]
   Debug_Time(2):    9.573 # [msec]
   Debug_Time(3):    3.905 # [msec]
   Debug_Time(4):    3.064 # [msec]
   Debug_Time(5):    2.917 # [msec]
-
   Version      : 1.7
   Ways         : 16
   Words        : 1
   Feedback     : 0
   WordBits     : 32
   IndexBits    : 32
   Sort Order   : 0
   Sign Compare : 0
   Max Size     : 268435455
   Debug Enable : 1
   size         : 295000
   average_time :   10.671 # [msec]
   throughput   :   27.644 # [mwords/sec]
   Debug_Time(0):   26.147 # [msec]
   Debug_Time(1):    6.339 # [msec]
   Debug_Time(2):    9.729 # [msec]
   Debug_Time(3):    3.985 # [msec]
   Debug_Time(4):    3.125 # [msec]
   Debug_Time(5):    2.968 # [msec]
-
   Version      : 1.7
   Ways         : 16
   Words        : 1
   Feedback     : 0
   WordBits     : 32
   IndexBits    : 32
   Sort Order   : 0
   Sign Compare : 0
   Max Size     : 268435455
   Debug Enable : 1
   size         : 300000
   average_time :   10.834 # [msec]
   throughput   :   27.690 # [mwords/sec]
   Debug_Time(0):   26.502 # [msec]
   Debug_Time(1):    6.421 # [msec]
   Debug_Time(2):    9.844 # [msec]
   Debug_Time(3):    4.042 # [msec]
   Debug_Time(4):    3.177 # [msec]
   Debug_Time(5):    3.018 # [msec]
-
   Version      : 1.7
   Ways         : 16
   Words        : 1
   Feedback     : 0
   WordBits     : 32
   IndexBits    : 32
   Sort Order   : 0
   Sign Compare : 0
   Max Size     : 268435455
   Debug Enable : 1
   size         : 305000
   average_time :   10.976 # [msec]
   throughput   :   27.787 # [mwords/sec]
   Debug_Time(0):   26.587 # [msec]
   Debug_Time(1):    6.397 # [msec]
   Debug_Time(2):    9.811 # [msec]
   Debug_Time(3):    4.078 # [msec]
   Debug_Time(4):    3.233 # [msec]
   Debug_Time(5):    3.068 # [msec]
-
   Version      : 1.7
   Ways         : 16
   Words        : 1
   Feedback     : 0
   WordBits     : 32
   IndexBits    : 32
   Sort Order   : 0
   Sign Compare : 0
   Max Size     : 268435455
   Debug Enable : 1
   size         : 310000
   average_time :   11.163 # [msec]
   throughput   :   27.770 # [mwords/sec]
   Debug_Time(0):   27.394 # [msec]
   Debug_Time(1):    6.752 # [msec]
   Debug_Time(2):   10.099 # [msec]
   Debug_Time(3):    4.153 # [msec]
   Debug_Time(4):    3.274 # [msec]
   Debug_Time(5):    3.117 # [msec]
-
   Version      : 1.7
   Ways         : 16
   Words        : 1
   Feedback     : 0
   WordBits     : 32
   IndexBits    : 32
   Sort Order   : 0
   Sign Compare : 0
   Max Size     : 268435455
   Debug Enable : 1
   size         : 315000
   average_time :   11.306 # [msec]
   throughput   :   27.861 # [mwords/sec]
   Debug_Time(0):   27.236 # [msec]
   Debug_Time(1):    6.446 # [msec]
   Debug_Time(2):   10.067 # [msec]
   Debug_Time(3):    4.222 # [msec]
   Debug_Time(4):    3.336 # [msec]
   Debug_Time(5):    3.166 # [msec]
-
   Version      : 1.7
   Ways         : 16
   Words        : 1
   Feedback     : 0
   WordBits     : 32
   IndexBits    : 32
   Sort Order   : 0
   Sign Compare : 0
   Max Size     : 268435455
   Debug Enable : 1
   size         : 320000
   average_time :   11.470 # [msec]
   throughput   :   27.900 # [mwords/sec]
   Debug_Time(0):   27.780 # [msec]
   Debug_Time(1):    6.649 # [msec]
   Debug_Time(2):   10.237 # [msec]
   Debug_Time(3):    4.276 # [msec]
   Debug_Time(4):    3.402 # [msec]
   Debug_Time(5):    3.216 # [msec]
-
   Version      : 1.7
   Ways         : 16
   Words        : 1
   Feedback     : 0
   WordBits     : 32
   IndexBits    : 32
   Sort Order   : 0
   Sign Compare : 0
   Max Size     : 268435455
   Debug Enable : 1
   size         : 325000
   average_time :   11.648 # [msec]
   throughput   :   27.903 # [mwords/sec]
   Debug_Time(0):   28.119 # [msec]
   Debug_Time(1):    6.670 # [msec]
   Debug_Time(2):   10.390 # [msec]
   Debug_Time(3):    4.348 # [msec]
   Debug_Time(4):    3.444 # [msec]
   Debug_Time(5):    3.267 # [msec]
-
   Version      : 1.7
   Ways         : 16
   Words        : 1
   Feedback     : 0
   WordBits     : 32
   IndexBits    : 32
   Sort Order   : 0
   Sign Compare : 0
   Max Size     : 268435455
   Debug Enable : 1
   size         : 330000
   average_time :   11.821 # [msec]
   throughput   :   27.917 # [mwords/sec]
   Debug_Time(0):   28.604 # [msec]
   Debug_Time(1):    6.824 # [msec]
   Debug_Time(2):   10.553 # [msec]
   Debug_Time(3):    4.421 # [msec]
   Debug_Time(4):    3.487 # [msec]
   Debug_Time(5):    3.320 # [msec]
-
   Version      : 1.7
   Ways         : 16
   Words        : 1
   Feedback     : 0
   WordBits     : 32
   IndexBits    : 32
   Sort Order   : 0
   Sign Compare : 0
   Max Size     : 268435455
   Debug Enable : 1
   size         : 335000
   average_time :   12.020 # [msec]
   throughput   :   27.871 # [mwords/sec]
   Debug_Time(0):   28.999 # [msec]
   Debug_Time(1):    6.888 # [msec]
   Debug_Time(2):   10.704 # [msec]
   Debug_Time(3):    4.486 # [msec]
   Debug_Time(4):    3.550 # [msec]
   Debug_Time(5):    3.371 # [msec]
-
   Version      : 1.7
   Ways         : 16
   Words        : 1
   Feedback     : 0
   WordBits     : 32
   IndexBits    : 32
   Sort Order   : 0
   Sign Compare : 0
   Max Size     : 268435455
   Debug Enable : 1
   size         : 340000
   average_time :   12.186 # [msec]
   throughput   :   27.901 # [mwords/sec]
   Debug_Time(0):   29.462 # [msec]
   Debug_Time(1):    6.993 # [msec]
   Debug_Time(2):   10.883 # [msec]
   Debug_Time(3):    4.562 # [msec]
   Debug_Time(4):    3.604 # [msec]
   Debug_Time(5):    3.421 # [msec]
-
   Version      : 1.7
   Ways         : 16
   Words        : 1
   Feedback     : 0
   WordBits     : 32
   IndexBits    : 32
   Sort Order   : 0
   Sign Compare : 0
   Max Size     : 268435455
   Debug Enable : 1
   size         : 345000
   average_time :   12.324 # [msec]
   throughput   :   27.994 # [mwords/sec]
   Debug_Time(0):   29.826 # [msec]
   Debug_Time(1):    7.062 # [msec]
   Debug_Time(2):   11.024 # [msec]
   Debug_Time(3):    4.622 # [msec]
   Debug_Time(4):    3.648 # [msec]
   Debug_Time(5):    3.471 # [msec]
-
   Version      : 1.7
   Ways         : 16
   Words        : 1
   Feedback     : 0
   WordBits     : 32
   IndexBits    : 32
   Sort Order   : 0
   Sign Compare : 0
   Max Size     : 268435455
   Debug Enable : 1
   size         : 350000
   average_time :   12.482 # [msec]
   throughput   :   28.041 # [mwords/sec]
   Debug_Time(0):   30.333 # [msec]
   Debug_Time(1):    7.245 # [msec]
   Debug_Time(2):   11.187 # [msec]
   Debug_Time(3):    4.675 # [msec]
   Debug_Time(4):    3.707 # [msec]
   Debug_Time(5):    3.519 # [msec]
-
   Version      : 1.7
   Ways         : 16
   Words        : 1
   Feedback     : 0
   WordBits     : 32
   IndexBits    : 32
   Sort Order   : 0
   Sign Compare : 0
   Max Size     : 268435455
   Debug Enable : 1
   size         : 355000
   average_time :   12.647 # [msec]
   throughput   :   28.070 # [mwords/sec]
   Debug_Time(0):   30.832 # [msec]
   Debug_Time(1):    7.423 # [msec]
   Debug_Time(2):   11.347 # [msec]
   Debug_Time(3):    4.740 # [msec]
   Debug_Time(4):    3.752 # [msec]
   Debug_Time(5):    3.569 # [msec]
-
   Version      : 1.7
   Ways         : 16
   Words        : 1
   Feedback     : 0
   WordBits     : 32
   IndexBits    : 32
   Sort Order   : 0
   Sign Compare : 0
   Max Size     : 268435455
   Debug Enable : 1
   size         : 360000
   average_time :   12.845 # [msec]
   throughput   :   28.027 # [mwords/sec]
   Debug_Time(0):   31.372 # [msec]
   Debug_Time(1):    7.617 # [msec]
   Debug_Time(2):   11.510 # [msec]
   Debug_Time(3):    4.820 # [msec]
   Debug_Time(4):    3.806 # [msec]
   Debug_Time(5):    3.619 # [msec]
-
   Version      : 1.7
   Ways         : 16
   Words        : 1
   Feedback     : 0
   WordBits     : 32
   IndexBits    : 32
   Sort Order   : 0
   Sign Compare : 0
   Max Size     : 268435455
   Debug Enable : 1
   size         : 365000
   average_time :   13.024 # [msec]
   throughput   :   28.025 # [mwords/sec]
   Debug_Time(0):   31.882 # [msec]
   Debug_Time(1):    7.785 # [msec]
   Debug_Time(2):   11.672 # [msec]
   Debug_Time(3):    4.895 # [msec]
   Debug_Time(4):    3.861 # [msec]
   Debug_Time(5):    3.669 # [msec]
-
   Version      : 1.7
   Ways         : 16
   Words        : 1
   Feedback     : 0
   WordBits     : 32
   IndexBits    : 32
   Sort Order   : 0
   Sign Compare : 0
   Max Size     : 268435455
   Debug Enable : 1
   size         : 370000
   average_time :   13.208 # [msec]
   throughput   :   28.013 # [mwords/sec]
   Debug_Time(0):   32.292 # [msec]
   Debug_Time(1):    7.877 # [msec]
   Debug_Time(2):   11.828 # [msec]
   Debug_Time(3):    4.955 # [msec]
   Debug_Time(4):    3.914 # [msec]
   Debug_Time(5):    3.719 # [msec]
-
   Version      : 1.7
   Ways         : 16
   Words        : 1
   Feedback     : 0
   WordBits     : 32
   IndexBits    : 32
   Sort Order   : 0
   Sign Compare : 0
   Max Size     : 268435455
   Debug Enable : 1
   size         : 375000
   average_time :   13.406 # [msec]
   throughput   :   27.973 # [mwords/sec]
   Debug_Time(0):   32.669 # [msec]
   Debug_Time(1):    7.929 # [msec]
   Debug_Time(2):   11.983 # [msec]
   Debug_Time(3):    5.017 # [msec]
   Debug_Time(4):    3.970 # [msec]
   Debug_Time(5):    3.770 # [msec]
-
   Version      : 1.7
   Ways         : 16
   Words        : 1
   Feedback     : 0
   WordBits     : 32
   IndexBits    : 32
   Sort Order   : 0
   Sign Compare : 0
   Max Size     : 268435455
   Debug Enable : 1
   size         : 380000
   average_time :   13.569 # [msec]
   throughput   :   28.005 # [mwords/sec]
   Debug_Time(0):   33.117 # [msec]
   Debug_Time(1):    8.037 # [msec]
   Debug_Time(2):   12.146 # [msec]
   Debug_Time(3):    5.081 # [msec]
   Debug_Time(4):    4.033 # [msec]
   Debug_Time(5):    3.820 # [msec]
-
   Version      : 1.7
   Ways         : 16
   Words        : 1
   Feedback     : 0
   WordBits     : 32
   IndexBits    : 32
   Sort Order   : 0
   Sign Compare : 0
   Max Size     : 268435455
   Debug Enable : 1
   size         : 385000
   average_time :   13.756 # [msec]
   throughput   :   27.988 # [mwords/sec]
   Debug_Time(0):   33.603 # [msec]
   Debug_Time(1):    8.187 # [msec]
   Debug_Time(2):   12.314 # [msec]
   Debug_Time(3):    5.153 # [msec]
   Debug_Time(4):    4.078 # [msec]
   Debug_Time(5):    3.871 # [msec]
-
   Version      : 1.7
   Ways         : 16
   Words        : 1
   Feedback     : 0
   WordBits     : 32
   IndexBits    : 32
   Sort Order   : 0
   Sign Compare : 0
   Max Size     : 268435455
   Debug Enable : 1
   size         : 390000
   average_time :   13.914 # [msec]
   throughput   :   28.029 # [mwords/sec]
   Debug_Time(0):   33.874 # [msec]
   Debug_Time(1):    8.141 # [msec]
   Debug_Time(2):   12.468 # [msec]
   Debug_Time(3):    5.212 # [msec]
   Debug_Time(4):    4.133 # [msec]
   Debug_Time(5):    3.920 # [msec]
-
   Version      : 1.7
   Ways         : 16
   Words        : 1
   Feedback     : 0
   WordBits     : 32
   IndexBits    : 32
   Sort Order   : 0
   Sign Compare : 0
   Max Size     : 268435455
   Debug Enable : 1
   size         : 395000
   average_time :   14.098 # [msec]
   throughput   :   28.019 # [mwords/sec]
   Debug_Time(0):   34.234 # [msec]
   Debug_Time(1):    8.148 # [msec]
   Debug_Time(2):   12.652 # [msec]
   Debug_Time(3):    5.281 # [msec]
   Debug_Time(4):    4.182 # [msec]
   Debug_Time(5):    3.972 # [msec]
-
   Version      : 1.7
   Ways         : 16
   Words        : 1
   Feedback     : 0
   WordBits     : 32
   IndexBits    : 32
   Sort Order   : 0
   Sign Compare : 0
   Max Size     : 268435455
   Debug Enable : 1
   size         : 400000
   average_time :   14.240 # [msec]
   throughput   :   28.089 # [mwords/sec]
   Debug_Time(0):   34.752 # [msec]
   Debug_Time(1):    8.353 # [msec]
   Debug_Time(2):   12.783 # [msec]
   Debug_Time(3):    5.356 # [msec]
   Debug_Time(4):    4.239 # [msec]
   Debug_Time(5):    4.021 # [msec]
-
   Version      : 1.7
   Ways         : 16
   Words        : 1
   Feedback     : 0
   WordBits     : 32
   IndexBits    : 32
   Sort Order   : 0
   Sign Compare : 0
   Max Size     : 268435455
   Debug Enable : 1
   size         : 405000
   average_time :   14.427 # [msec]
   throughput   :   28.071 # [mwords/sec]
   Debug_Time(0):   35.298 # [msec]
   Debug_Time(1):    8.577 # [msec]
   Debug_Time(2):   12.948 # [msec]
   Debug_Time(3):    5.415 # [msec]
   Debug_Time(4):    4.286 # [msec]
   Debug_Time(5):    4.072 # [msec]
-
   Version      : 1.7
   Ways         : 16
   Words        : 1
   Feedback     : 0
   WordBits     : 32
   IndexBits    : 32
   Sort Order   : 0
   Sign Compare : 0
   Max Size     : 268435455
   Debug Enable : 1
   size         : 410000
   average_time :   14.581 # [msec]
   throughput   :   28.118 # [mwords/sec]
   Debug_Time(0):   35.683 # [msec]
   Debug_Time(1):    8.612 # [msec]
   Debug_Time(2):   13.111 # [msec]
   Debug_Time(3):    5.492 # [msec]
   Debug_Time(4):    4.346 # [msec]
   Debug_Time(5):    4.123 # [msec]
-
   Version      : 1.7
   Ways         : 16
   Words        : 1
   Feedback     : 0
   WordBits     : 32
   IndexBits    : 32
   Sort Order   : 0
   Sign Compare : 0
   Max Size     : 268435455
   Debug Enable : 1
   size         : 415000
   average_time :   14.740 # [msec]
   throughput   :   28.154 # [mwords/sec]
   Debug_Time(0):   36.074 # [msec]
   Debug_Time(1):    8.687 # [msec]
   Debug_Time(2):   13.254 # [msec]
   Debug_Time(3):    5.563 # [msec]
   Debug_Time(4):    4.396 # [msec]
   Debug_Time(5):    4.173 # [msec]
-
   Version      : 1.7
   Ways         : 16
   Words        : 1
   Feedback     : 0
   WordBits     : 32
   IndexBits    : 32
   Sort Order   : 0
   Sign Compare : 0
   Max Size     : 268435455
   Debug Enable : 1
   size         : 420000
   average_time :   14.903 # [msec]
   throughput   :   28.183 # [mwords/sec]
   Debug_Time(0):   36.527 # [msec]
   Debug_Time(1):    8.820 # [msec]
   Debug_Time(2):   13.424 # [msec]
   Debug_Time(3):    5.618 # [msec]
   Debug_Time(4):    4.442 # [msec]
   Debug_Time(5):    4.223 # [msec]
-
   Version      : 1.7
   Ways         : 16
   Words        : 1
   Feedback     : 0
   WordBits     : 32
   IndexBits    : 32
   Sort Order   : 0
   Sign Compare : 0
   Max Size     : 268435455
   Debug Enable : 1
   size         : 425000
   average_time :   15.106 # [msec]
   throughput   :   28.134 # [mwords/sec]
   Debug_Time(0):   36.868 # [msec]
   Debug_Time(1):    8.839 # [msec]
   Debug_Time(2):   13.582 # [msec]
   Debug_Time(3):    5.685 # [msec]
   Debug_Time(4):    4.488 # [msec]
   Debug_Time(5):    4.274 # [msec]
-
   Version      : 1.7
   Ways         : 16
   Words        : 1
   Feedback     : 0
   WordBits     : 32
   IndexBits    : 32
   Sort Order   : 0
   Sign Compare : 0
   Max Size     : 268435455
   Debug Enable : 1
   size         : 430000
   average_time :   15.301 # [msec]
   throughput   :   28.103 # [mwords/sec]
   Debug_Time(0):   37.415 # [msec]
   Debug_Time(1):    9.032 # [msec]
   Debug_Time(2):   13.742 # [msec]
   Debug_Time(3):    5.762 # [msec]
   Debug_Time(4):    4.556 # [msec]
   Debug_Time(5):    4.323 # [msec]
-
   Version      : 1.7
   Ways         : 16
   Words        : 1
   Feedback     : 0
   WordBits     : 32
   IndexBits    : 32
   Sort Order   : 0
   Sign Compare : 0
   Max Size     : 268435455
   Debug Enable : 1
   size         : 435000
   average_time :   15.480 # [msec]
   throughput   :   28.101 # [mwords/sec]
   Debug_Time(0):   37.805 # [msec]
   Debug_Time(1):    9.106 # [msec]
   Debug_Time(2):   13.902 # [msec]
   Debug_Time(3):    5.823 # [msec]
   Debug_Time(4):    4.602 # [msec]
   Debug_Time(5):    4.372 # [msec]
-
   Version      : 1.7
   Ways         : 16
   Words        : 1
   Feedback     : 0
   WordBits     : 32
   IndexBits    : 32
   Sort Order   : 0
   Sign Compare : 0
   Max Size     : 268435455
   Debug Enable : 1
   size         : 440000
   average_time :   15.623 # [msec]
   throughput   :   28.164 # [mwords/sec]
   Debug_Time(0):   38.209 # [msec]
   Debug_Time(1):    9.192 # [msec]
   Debug_Time(2):   14.055 # [msec]
   Debug_Time(3):    5.879 # [msec]
   Debug_Time(4):    4.662 # [msec]
   Debug_Time(5):    4.421 # [msec]
-
   Version      : 1.7
   Ways         : 16
   Words        : 1
   Feedback     : 0
   WordBits     : 32
   IndexBits    : 32
   Sort Order   : 0
   Sign Compare : 0
   Max Size     : 268435455
   Debug Enable : 1
   size         : 445000
   average_time :   15.844 # [msec]
   throughput   :   28.087 # [mwords/sec]
   Debug_Time(0):   38.663 # [msec]
   Debug_Time(1):    9.264 # [msec]
   Debug_Time(2):   14.234 # [msec]
   Debug_Time(3):    5.976 # [msec]
   Debug_Time(4):    4.717 # [msec]
   Debug_Time(5):    4.472 # [msec]
-
   Version      : 1.7
   Ways         : 16
   Words        : 1
   Feedback     : 0
   WordBits     : 32
   IndexBits    : 32
   Sort Order   : 0
   Sign Compare : 0
   Max Size     : 268435455
   Debug Enable : 1
   size         : 450000
   average_time :   15.998 # [msec]
   throughput   :   28.128 # [mwords/sec]
   Debug_Time(0):   39.239 # [msec]
   Debug_Time(1):    9.441 # [msec]
   Debug_Time(2):   14.489 # [msec]
   Debug_Time(3):    6.019 # [msec]
   Debug_Time(4):    4.768 # [msec]
   Debug_Time(5):    4.522 # [msec]
-
   Version      : 1.7
   Ways         : 16
   Words        : 1
   Feedback     : 0
   WordBits     : 32
   IndexBits    : 32
   Sort Order   : 0
   Sign Compare : 0
   Max Size     : 268435455
   Debug Enable : 1
   size         : 455000
   average_time :   16.178 # [msec]
   throughput   :   28.125 # [mwords/sec]
   Debug_Time(0):   39.745 # [msec]
   Debug_Time(1):    9.559 # [msec]
   Debug_Time(2):   14.676 # [msec]
   Debug_Time(3):    6.109 # [msec]
   Debug_Time(4):    4.828 # [msec]
   Debug_Time(5):    4.573 # [msec]
-
   Version      : 1.7
   Ways         : 16
   Words        : 1
   Feedback     : 0
   WordBits     : 32
   IndexBits    : 32
   Sort Order   : 0
   Sign Compare : 0
   Max Size     : 268435455
   Debug Enable : 1
   size         : 460000
   average_time :   16.285 # [msec]
   throughput   :   28.247 # [mwords/sec]
   Debug_Time(0):   39.628 # [msec]
   Debug_Time(1):    9.212 # [msec]
   Debug_Time(2):   14.770 # [msec]
   Debug_Time(3):    6.150 # [msec]
   Debug_Time(4):    4.871 # [msec]
   Debug_Time(5):    4.625 # [msec]
-
   Version      : 1.7
   Ways         : 16
   Words        : 1
   Feedback     : 0
   WordBits     : 32
   IndexBits    : 32
   Sort Order   : 0
   Sign Compare : 0
   Max Size     : 268435455
   Debug Enable : 1
   size         : 465000
   average_time :   16.490 # [msec]
   throughput   :   28.198 # [mwords/sec]
   Debug_Time(0):   40.624 # [msec]
   Debug_Time(1):    9.731 # [msec]
   Debug_Time(2):   15.066 # [msec]
   Debug_Time(3):    6.227 # [msec]
   Debug_Time(4):    4.924 # [msec]
   Debug_Time(5):    4.676 # [msec]
-
   Version      : 1.7
   Ways         : 16
   Words        : 1
   Feedback     : 0
   WordBits     : 32
   IndexBits    : 32
   Sort Order   : 0
   Sign Compare : 0
   Max Size     : 268435455
   Debug Enable : 1
   size         : 470000
   average_time :   16.656 # [msec]
   throughput   :   28.219 # [mwords/sec]
   Debug_Time(0):   41.189 # [msec]
   Debug_Time(1):   10.061 # [msec]
   Debug_Time(2):   15.143 # [msec]
   Debug_Time(3):    6.296 # [msec]
   Debug_Time(4):    4.962 # [msec]
   Debug_Time(5):    4.726 # [msec]
-
   Version      : 1.7
   Ways         : 16
   Words        : 1
   Feedback     : 0
   WordBits     : 32
   IndexBits    : 32
   Sort Order   : 0
   Sign Compare : 0
   Max Size     : 268435455
   Debug Enable : 1
   size         : 475000
   average_time :   16.832 # [msec]
   throughput   :   28.220 # [mwords/sec]
   Debug_Time(0):   41.366 # [msec]
   Debug_Time(1):    9.815 # [msec]
   Debug_Time(2):   15.373 # [msec]
   Debug_Time(3):    6.380 # [msec]
   Debug_Time(4):    5.022 # [msec]
   Debug_Time(5):    4.776 # [msec]
-
   Version      : 1.7
   Ways         : 16
   Words        : 1
   Feedback     : 0
   WordBits     : 32
   IndexBits    : 32
   Sort Order   : 0
   Sign Compare : 0
   Max Size     : 268435455
   Debug Enable : 1
   size         : 480000
   average_time :   17.022 # [msec]
   throughput   :   28.198 # [mwords/sec]
   Debug_Time(0):   41.491 # [msec]
   Debug_Time(1):    9.831 # [msec]
   Debug_Time(2):   15.346 # [msec]
   Debug_Time(3):    6.421 # [msec]
   Debug_Time(4):    5.069 # [msec]
   Debug_Time(5):    4.824 # [msec]
-
   Version      : 1.7
   Ways         : 16
   Words        : 1
   Feedback     : 0
   WordBits     : 32
   IndexBits    : 32
   Sort Order   : 0
   Sign Compare : 0
   Max Size     : 268435455
   Debug Enable : 1
   size         : 485000
   average_time :   17.177 # [msec]
   throughput   :   28.235 # [mwords/sec]
   Debug_Time(0):   42.148 # [msec]
   Debug_Time(1):    9.952 # [msec]
   Debug_Time(2):   15.678 # [msec]
   Debug_Time(3):    6.513 # [msec]
   Debug_Time(4):    5.131 # [msec]
   Debug_Time(5):    4.874 # [msec]
-
   Version      : 1.7
   Ways         : 16
   Words        : 1
   Feedback     : 0
   WordBits     : 32
   IndexBits    : 32
   Sort Order   : 0
   Sign Compare : 0
   Max Size     : 268435455
   Debug Enable : 1
   size         : 490000
   average_time :   17.353 # [msec]
   throughput   :   28.236 # [mwords/sec]
   Debug_Time(0):   42.582 # [msec]
   Debug_Time(1):   10.068 # [msec]
   Debug_Time(2):   15.828 # [msec]
   Debug_Time(3):    6.573 # [msec]
   Debug_Time(4):    5.190 # [msec]
   Debug_Time(5):    4.923 # [msec]
-
   Version      : 1.7
   Ways         : 16
   Words        : 1
   Feedback     : 0
   WordBits     : 32
   IndexBits    : 32
   Sort Order   : 0
   Sign Compare : 0
   Max Size     : 268435455
   Debug Enable : 1
   size         : 495000
   average_time :   17.516 # [msec]
   throughput   :   28.260 # [mwords/sec]
   Debug_Time(0):   43.003 # [msec]
   Debug_Time(1):   10.147 # [msec]
   Debug_Time(2):   15.999 # [msec]
   Debug_Time(3):    6.648 # [msec]
   Debug_Time(4):    5.235 # [msec]
   Debug_Time(5):    4.975 # [msec]
-
   Version      : 1.7
   Ways         : 16
   Words        : 1
   Feedback     : 0
   WordBits     : 32
   IndexBits    : 32
   Sort Order   : 0
   Sign Compare : 0
   Max Size     : 268435455
   Debug Enable : 1
   size         : 500000
   average_time :   17.695 # [msec]
   throughput   :   28.256 # [mwords/sec]
   Debug_Time(0):   43.481 # [msec]
   Debug_Time(1):   10.318 # [msec]
   Debug_Time(2):   16.156 # [msec]
   Debug_Time(3):    6.697 # [msec]
   Debug_Time(4):    5.285 # [msec]
   Debug_Time(5):    5.024 # [msec]
-
   Version      : 1.7
   Ways         : 16
   Words        : 1
   Feedback     : 0
   WordBits     : 32
   IndexBits    : 32
   Sort Order   : 0
   Sign Compare : 0
   Max Size     : 268435455
   Debug Enable : 1
   size         : 505000
   average_time :   17.870 # [msec]
   throughput   :   28.260 # [mwords/sec]
   Debug_Time(0):   43.896 # [msec]
   Debug_Time(1):   10.394 # [msec]
   Debug_Time(2):   16.332 # [msec]
   Debug_Time(3):    6.749 # [msec]
   Debug_Time(4):    5.346 # [msec]
   Debug_Time(5):    5.076 # [msec]
-
   Version      : 1.7
   Ways         : 16
   Words        : 1
   Feedback     : 0
   WordBits     : 32
   IndexBits    : 32
   Sort Order   : 0
   Sign Compare : 0
   Max Size     : 268435455
   Debug Enable : 1
   size         : 510000
   average_time :   18.045 # [msec]
   throughput   :   28.262 # [mwords/sec]
   Debug_Time(0):   44.330 # [msec]
   Debug_Time(1):   10.517 # [msec]
   Debug_Time(2):   16.456 # [msec]
   Debug_Time(3):    6.831 # [msec]
   Debug_Time(4):    5.399 # [msec]
   Debug_Time(5):    5.126 # [msec]
-
   Version      : 1.7
   Ways         : 16
   Words        : 1
   Feedback     : 0
   WordBits     : 32
   IndexBits    : 32
   Sort Order   : 0
   Sign Compare : 0
   Max Size     : 268435455
   Debug Enable : 1
   size         : 515000
   average_time :   18.225 # [msec]
   throughput   :   28.258 # [mwords/sec]
   Debug_Time(0):   44.739 # [msec]
   Debug_Time(1):   10.600 # [msec]
   Debug_Time(2):   16.594 # [msec]
   Debug_Time(3):    6.899 # [msec]
   Debug_Time(4):    5.468 # [msec]
   Debug_Time(5):    5.178 # [msec]
-
   Version      : 1.7
   Ways         : 16
   Words        : 1
   Feedback     : 0
   WordBits     : 32
   IndexBits    : 32
   Sort Order   : 0
   Sign Compare : 0
   Max Size     : 268435455
   Debug Enable : 1
   size         : 520000
   average_time :   18.424 # [msec]
   throughput   :   28.225 # [mwords/sec]
   Debug_Time(0):   45.173 # [msec]
   Debug_Time(1):   10.667 # [msec]
   Debug_Time(2):   16.768 # [msec]
   Debug_Time(3):    7.001 # [msec]
   Debug_Time(4):    5.511 # [msec]
   Debug_Time(5):    5.225 # [msec]
-
   Version      : 1.7
   Ways         : 16
   Words        : 1
   Feedback     : 0
   WordBits     : 32
   IndexBits    : 32
   Sort Order   : 0
   Sign Compare : 0
   Max Size     : 268435455
   Debug Enable : 1
   size         : 525000
   average_time :   18.606 # [msec]
   throughput   :   28.216 # [mwords/sec]
   Debug_Time(0):   45.830 # [msec]
   Debug_Time(1):   10.811 # [msec]
   Debug_Time(2):   17.114 # [msec]
   Debug_Time(3):    7.082 # [msec]
   Debug_Time(4):    5.545 # [msec]
   Debug_Time(5):    5.277 # [msec]
-
   Version      : 1.7
   Ways         : 16
   Words        : 1
   Feedback     : 0
   WordBits     : 32
   IndexBits    : 32
   Sort Order   : 0
   Sign Compare : 0
   Max Size     : 268435455
   Debug Enable : 1
   size         : 530000
   average_time :   18.729 # [msec]
   throughput   :   28.298 # [mwords/sec]
   Debug_Time(0):   46.225 # [msec]
   Debug_Time(1):   10.874 # [msec]
   Debug_Time(2):   17.285 # [msec]
   Debug_Time(3):    7.127 # [msec]
   Debug_Time(4):    5.612 # [msec]
   Debug_Time(5):    5.326 # [msec]
-
   Version      : 1.7
   Ways         : 16
   Words        : 1
   Feedback     : 0
   WordBits     : 32
   IndexBits    : 32
   Sort Order   : 0
   Sign Compare : 0
   Max Size     : 268435455
   Debug Enable : 1
   size         : 535000
   average_time :   18.953 # [msec]
   throughput   :   28.228 # [mwords/sec]
   Debug_Time(0):   46.764 # [msec]
   Debug_Time(1):   11.054 # [msec]
   Debug_Time(2):   17.462 # [msec]
   Debug_Time(3):    7.216 # [msec]
   Debug_Time(4):    5.654 # [msec]
   Debug_Time(5):    5.378 # [msec]
-
   Version      : 1.7
   Ways         : 16
   Words        : 1
   Feedback     : 0
   WordBits     : 32
   IndexBits    : 32
   Sort Order   : 0
   Sign Compare : 0
   Max Size     : 268435455
   Debug Enable : 1
   size         : 540000
   average_time :   19.085 # [msec]
   throughput   :   28.294 # [mwords/sec]
   Debug_Time(0):   47.111 # [msec]
   Debug_Time(1):   10.996 # [msec]
   Debug_Time(2):   17.744 # [msec]
   Debug_Time(3):    7.223 # [msec]
   Debug_Time(4):    5.721 # [msec]
   Debug_Time(5):    5.427 # [msec]
-
   Version      : 1.7
   Ways         : 16
   Words        : 1
   Feedback     : 0
   WordBits     : 32
   IndexBits    : 32
   Sort Order   : 0
   Sign Compare : 0
   Max Size     : 268435455
   Debug Enable : 1
   size         : 545000
   average_time :   19.257 # [msec]
   throughput   :   28.301 # [mwords/sec]
   Debug_Time(0):   47.581 # [msec]
   Debug_Time(1):   11.117 # [msec]
   Debug_Time(2):   17.924 # [msec]
   Debug_Time(3):    7.290 # [msec]
   Debug_Time(4):    5.771 # [msec]
   Debug_Time(5):    5.478 # [msec]
-
   Version      : 1.7
   Ways         : 16
   Words        : 1
   Feedback     : 0
   WordBits     : 32
   IndexBits    : 32
   Sort Order   : 0
   Sign Compare : 0
   Max Size     : 268435455
   Debug Enable : 1
   size         : 550000
   average_time :   19.438 # [msec]
   throughput   :   28.296 # [mwords/sec]
   Debug_Time(0):   47.977 # [msec]
   Debug_Time(1):   11.192 # [msec]
   Debug_Time(2):   18.074 # [msec]
   Debug_Time(3):    7.363 # [msec]
   Debug_Time(4):    5.819 # [msec]
   Debug_Time(5):    5.529 # [msec]
-
   Version      : 1.7
   Ways         : 16
   Words        : 1
   Feedback     : 0
   WordBits     : 32
   IndexBits    : 32
   Sort Order   : 0
   Sign Compare : 0
   Max Size     : 268435455
   Debug Enable : 1
   size         : 555000
   average_time :   19.576 # [msec]
   throughput   :   28.351 # [mwords/sec]
   Debug_Time(0):   48.434 # [msec]
   Debug_Time(1):   11.798 # [msec]
   Debug_Time(2):   17.756 # [msec]
   Debug_Time(3):    7.426 # [msec]
   Debug_Time(4):    5.876 # [msec]
   Debug_Time(5):    5.579 # [msec]
-
   Version      : 1.7
   Ways         : 16
   Words        : 1
   Feedback     : 0
   WordBits     : 32
   IndexBits    : 32
   Sort Order   : 0
   Sign Compare : 0
   Max Size     : 268435455
   Debug Enable : 1
   size         : 560000
   average_time :   19.777 # [msec]
   throughput   :   28.316 # [mwords/sec]
   Debug_Time(0):   48.813 # [msec]
   Debug_Time(1):   11.872 # [msec]
   Debug_Time(2):   17.909 # [msec]
   Debug_Time(3):    7.482 # [msec]
   Debug_Time(4):    5.922 # [msec]
   Debug_Time(5):    5.628 # [msec]
-
   Version      : 1.7
   Ways         : 16
   Words        : 1
   Feedback     : 0
   WordBits     : 32
   IndexBits    : 32
   Sort Order   : 0
   Sign Compare : 0
   Max Size     : 268435455
   Debug Enable : 1
   size         : 565000
   average_time :   19.907 # [msec]
   throughput   :   28.382 # [mwords/sec]
   Debug_Time(0):   48.635 # [msec]
   Debug_Time(1):   11.336 # [msec]
   Debug_Time(2):   18.095 # [msec]
   Debug_Time(3):    7.549 # [msec]
   Debug_Time(4):    5.978 # [msec]
   Debug_Time(5):    5.677 # [msec]
-
   Version      : 1.7
   Ways         : 16
   Words        : 1
   Feedback     : 0
   WordBits     : 32
   IndexBits    : 32
   Sort Order   : 0
   Sign Compare : 0
   Max Size     : 268435455
   Debug Enable : 1
   size         : 570000
   average_time :   20.071 # [msec]
   throughput   :   28.400 # [mwords/sec]
   Debug_Time(0):   48.936 # [msec]
   Debug_Time(1):   11.325 # [msec]
   Debug_Time(2):   18.218 # [msec]
   Debug_Time(3):    7.628 # [msec]
   Debug_Time(4):    6.039 # [msec]
   Debug_Time(5):    5.726 # [msec]
-
   Version      : 1.7
   Ways         : 16
   Words        : 1
   Feedback     : 0
   WordBits     : 32
   IndexBits    : 32
   Sort Order   : 0
   Sign Compare : 0
   Max Size     : 268435455
   Debug Enable : 1
   size         : 575000
   average_time :   20.258 # [msec]
   throughput   :   28.384 # [mwords/sec]
   Debug_Time(0):   49.529 # [msec]
   Debug_Time(1):   11.605 # [msec]
   Debug_Time(2):   18.377 # [msec]
   Debug_Time(3):    7.684 # [msec]
   Debug_Time(4):    6.086 # [msec]
   Debug_Time(5):    5.777 # [msec]
-
   Version      : 1.7
   Ways         : 16
   Words        : 1
   Feedback     : 0
   WordBits     : 32
   IndexBits    : 32
   Sort Order   : 0
   Sign Compare : 0
   Max Size     : 268435455
   Debug Enable : 1
   size         : 580000
   average_time :   20.408 # [msec]
   throughput   :   28.421 # [mwords/sec]
   Debug_Time(0):   49.957 # [msec]
   Debug_Time(1):   11.674 # [msec]
   Debug_Time(2):   18.545 # [msec]
   Debug_Time(3):    7.757 # [msec]
   Debug_Time(4):    6.155 # [msec]
   Debug_Time(5):    5.827 # [msec]
-
   Version      : 1.7
   Ways         : 16
   Words        : 1
   Feedback     : 0
   WordBits     : 32
   IndexBits    : 32
   Sort Order   : 0
   Sign Compare : 0
   Max Size     : 268435455
   Debug Enable : 1
   size         : 585000
   average_time :   20.584 # [msec]
   throughput   :   28.420 # [mwords/sec]
   Debug_Time(0):   50.352 # [msec]
   Debug_Time(1):   11.777 # [msec]
   Debug_Time(2):   18.694 # [msec]
   Debug_Time(3):    7.819 # [msec]
   Debug_Time(4):    6.183 # [msec]
   Debug_Time(5):    5.879 # [msec]
-
   Version      : 1.7
   Ways         : 16
   Words        : 1
   Feedback     : 0
   WordBits     : 32
   IndexBits    : 32
   Sort Order   : 0
   Sign Compare : 0
   Max Size     : 268435455
   Debug Enable : 1
   size         : 590000
   average_time :   20.756 # [msec]
   throughput   :   28.425 # [mwords/sec]
   Debug_Time(0):   50.779 # [msec]
   Debug_Time(1):   11.864 # [msec]
   Debug_Time(2):   18.842 # [msec]
   Debug_Time(3):    7.890 # [msec]
   Debug_Time(4):    6.253 # [msec]
   Debug_Time(5):    5.931 # [msec]
-
   Version      : 1.7
   Ways         : 16
   Words        : 1
   Feedback     : 0
   WordBits     : 32
   IndexBits    : 32
   Sort Order   : 0
   Sign Compare : 0
   Max Size     : 268435455
   Debug Enable : 1
   size         : 595000
   average_time :   21.127 # [msec]
   throughput   :   28.163 # [mwords/sec]
   Debug_Time(0):   51.412 # [msec]
   Debug_Time(1):   12.108 # [msec]
   Debug_Time(2):   19.082 # [msec]
   Debug_Time(3):    7.962 # [msec]
   Debug_Time(4):    6.278 # [msec]
   Debug_Time(5):    5.981 # [msec]
-
   Version      : 1.7
   Ways         : 16
   Words        : 1
   Feedback     : 0
   WordBits     : 32
   IndexBits    : 32
   Sort Order   : 0
   Sign Compare : 0
   Max Size     : 268435455
   Debug Enable : 1
   size         : 600000
   average_time :   21.109 # [msec]
   throughput   :   28.424 # [mwords/sec]
   Debug_Time(0):   51.682 # [msec]
   Debug_Time(1):   12.111 # [msec]
   Debug_Time(2):   19.174 # [msec]
   Debug_Time(3):    8.011 # [msec]
   Debug_Time(4):    6.355 # [msec]
   Debug_Time(5):    6.031 # [msec]
-
   Version      : 1.7
   Ways         : 16
   Words        : 1
   Feedback     : 0
   WordBits     : 32
   IndexBits    : 32
   Sort Order   : 0
   Sign Compare : 0
   Max Size     : 268435455
   Debug Enable : 1
   size         : 605000
   average_time :   21.319 # [msec]
   throughput   :   28.379 # [mwords/sec]
   Debug_Time(0):   52.093 # [msec]
   Debug_Time(1):   12.180 # [msec]
   Debug_Time(2):   19.336 # [msec]
   Debug_Time(3):    8.086 # [msec]
   Debug_Time(4):    6.411 # [msec]
   Debug_Time(5):    6.080 # [msec]
-
   Version      : 1.7
   Ways         : 16
   Words        : 1
   Feedback     : 0
   WordBits     : 32
   IndexBits    : 32
   Sort Order   : 0
   Sign Compare : 0
   Max Size     : 268435455
   Debug Enable : 1
   size         : 610000
   average_time :   21.465 # [msec]
   throughput   :   28.418 # [mwords/sec]
   Debug_Time(0):   52.674 # [msec]
   Debug_Time(1):   12.439 # [msec]
   Debug_Time(2):   19.492 # [msec]
   Debug_Time(3):    8.159 # [msec]
   Debug_Time(4):    6.454 # [msec]
   Debug_Time(5):    6.129 # [msec]
-
   Version      : 1.7
   Ways         : 16
   Words        : 1
   Feedback     : 0
   WordBits     : 32
   IndexBits    : 32
   Sort Order   : 0
   Sign Compare : 0
   Max Size     : 268435455
   Debug Enable : 1
   size         : 615000
   average_time :   21.645 # [msec]
   throughput   :   28.413 # [mwords/sec]
   Debug_Time(0):   53.116 # [msec]
   Debug_Time(1):   12.556 # [msec]
   Debug_Time(2):   19.651 # [msec]
   Debug_Time(3):    8.221 # [msec]
   Debug_Time(4):    6.509 # [msec]
   Debug_Time(5):    6.180 # [msec]
-
   Version      : 1.7
   Ways         : 16
   Words        : 1
   Feedback     : 0
   WordBits     : 32
   IndexBits    : 32
   Sort Order   : 0
   Sign Compare : 0
   Max Size     : 268435455
   Debug Enable : 1
   size         : 620000
   average_time :   21.784 # [msec]
   throughput   :   28.462 # [mwords/sec]
   Debug_Time(0):   53.470 # [msec]
   Debug_Time(1):   12.574 # [msec]
   Debug_Time(2):   19.830 # [msec]
   Debug_Time(3):    8.275 # [msec]
   Debug_Time(4):    6.561 # [msec]
   Debug_Time(5):    6.230 # [msec]
-
   Version      : 1.7
   Ways         : 16
   Words        : 1
   Feedback     : 0
   WordBits     : 32
   IndexBits    : 32
   Sort Order   : 0
   Sign Compare : 0
   Max Size     : 268435455
   Debug Enable : 1
   size         : 625000
   average_time :   21.973 # [msec]
   throughput   :   28.444 # [mwords/sec]
   Debug_Time(0):   53.743 # [msec]
   Debug_Time(1):   12.528 # [msec]
   Debug_Time(2):   19.969 # [msec]
   Debug_Time(3):    8.347 # [msec]
   Debug_Time(4):    6.619 # [msec]
   Debug_Time(5):    6.280 # [msec]
-
   Version      : 1.7
   Ways         : 16
   Words        : 1
   Feedback     : 0
   WordBits     : 32
   IndexBits    : 32
   Sort Order   : 0
   Sign Compare : 0
   Max Size     : 268435455
   Debug Enable : 1
   size         : 630000
   average_time :   22.125 # [msec]
   throughput   :   28.474 # [mwords/sec]
   Debug_Time(0):   54.426 # [msec]
   Debug_Time(1):   12.898 # [msec]
   Debug_Time(2):   20.124 # [msec]
   Debug_Time(3):    8.411 # [msec]
   Debug_Time(4):    6.663 # [msec]
   Debug_Time(5):    6.330 # [msec]
-
   Version      : 1.7
   Ways         : 16
   Words        : 1
   Feedback     : 0
   WordBits     : 32
   IndexBits    : 32
   Sort Order   : 0
   Sign Compare : 0
   Max Size     : 268435455
   Debug Enable : 1
   size         : 635000
   average_time :   22.292 # [msec]
   throughput   :   28.485 # [mwords/sec]
   Debug_Time(0):   54.792 # [msec]
   Debug_Time(1):   12.927 # [msec]
   Debug_Time(2):   20.285 # [msec]
   Debug_Time(3):    8.484 # [msec]
   Debug_Time(4):    6.715 # [msec]
   Debug_Time(5):    6.381 # [msec]
-
   Version      : 1.7
   Ways         : 16
   Words        : 1
   Feedback     : 0
   WordBits     : 32
   IndexBits    : 32
   Sort Order   : 0
   Sign Compare : 0
   Max Size     : 268435455
   Debug Enable : 1
   size         : 640000
   average_time :   22.464 # [msec]
   throughput   :   28.490 # [mwords/sec]
   Debug_Time(0):   55.248 # [msec]
   Debug_Time(1):   13.030 # [msec]
   Debug_Time(2):   20.451 # [msec]
   Debug_Time(3):    8.556 # [msec]
   Debug_Time(4):    6.780 # [msec]
   Debug_Time(5):    6.431 # [msec]
-
   Version      : 1.7
   Ways         : 16
   Words        : 1
   Feedback     : 0
   WordBits     : 32
   IndexBits    : 32
   Sort Order   : 0
   Sign Compare : 0
   Max Size     : 268435455
   Debug Enable : 1
   size         : 645000
   average_time :   22.650 # [msec]
   throughput   :   28.477 # [mwords/sec]
   Debug_Time(0):   55.558 # [msec]
   Debug_Time(1):   13.017 # [msec]
   Debug_Time(2):   20.604 # [msec]
   Debug_Time(3):    8.618 # [msec]
   Debug_Time(4):    6.838 # [msec]
   Debug_Time(5):    6.481 # [msec]
-
   Version      : 1.7
   Ways         : 16
   Words        : 1
   Feedback     : 0
   WordBits     : 32
   IndexBits    : 32
   Sort Order   : 0
   Sign Compare : 0
   Max Size     : 268435455
   Debug Enable : 1
   size         : 650000
   average_time :   22.878 # [msec]
   throughput   :   28.412 # [mwords/sec]
   Debug_Time(0):   56.114 # [msec]
   Debug_Time(1):   13.196 # [msec]
   Debug_Time(2):   20.811 # [msec]
   Debug_Time(3):    8.691 # [msec]
   Debug_Time(4):    6.886 # [msec]
   Debug_Time(5):    6.530 # [msec]
-
   Version      : 1.7
   Ways         : 16
   Words        : 1
   Feedback     : 0
   WordBits     : 32
   IndexBits    : 32
   Sort Order   : 0
   Sign Compare : 0
   Max Size     : 268435455
   Debug Enable : 1
   size         : 655000
   average_time :   22.976 # [msec]
   throughput   :   28.508 # [mwords/sec]
   Debug_Time(0):   56.443 # [msec]
   Debug_Time(1):   13.239 # [msec]
   Debug_Time(2):   20.927 # [msec]
   Debug_Time(3):    8.752 # [msec]
   Debug_Time(4):    6.945 # [msec]
   Debug_Time(5):    6.579 # [msec]
-
   Version      : 1.7
   Ways         : 16
   Words        : 1
   Feedback     : 0
   WordBits     : 32
   IndexBits    : 32
   Sort Order   : 0
   Sign Compare : 0
   Max Size     : 268435455
   Debug Enable : 1
   size         : 660000
   average_time :   23.200 # [msec]
   throughput   :   28.448 # [mwords/sec]
   Debug_Time(0):   56.856 # [msec]
   Debug_Time(1):   13.324 # [msec]
   Debug_Time(2):   21.087 # [msec]
   Debug_Time(3):    8.831 # [msec]
   Debug_Time(4):    6.984 # [msec]
   Debug_Time(5):    6.631 # [msec]
-
   Version      : 1.7
   Ways         : 16
   Words        : 1
   Feedback     : 0
   WordBits     : 32
   IndexBits    : 32
   Sort Order   : 0
   Sign Compare : 0
   Max Size     : 268435455
   Debug Enable : 1
   size         : 665000
   average_time :   23.362 # [msec]
   throughput   :   28.465 # [mwords/sec]
   Debug_Time(0):   57.309 # [msec]
   Debug_Time(1):   13.430 # [msec]
   Debug_Time(2):   21.256 # [msec]
   Debug_Time(3):    8.894 # [msec]
   Debug_Time(4):    7.046 # [msec]
   Debug_Time(5):    6.683 # [msec]
-
   Version      : 1.7
   Ways         : 16
   Words        : 1
   Feedback     : 0
   WordBits     : 32
   IndexBits    : 32
   Sort Order   : 0
   Sign Compare : 0
   Max Size     : 268435455
   Debug Enable : 1
   size         : 670000
   average_time :   23.538 # [msec]
   throughput   :   28.464 # [mwords/sec]
   Debug_Time(0):   57.914 # [msec]
   Debug_Time(1):   13.715 # [msec]
   Debug_Time(2):   21.445 # [msec]
   Debug_Time(3):    8.941 # [msec]
   Debug_Time(4):    7.080 # [msec]
   Debug_Time(5):    6.733 # [msec]
-
   Version      : 1.7
   Ways         : 16
   Words        : 1
   Feedback     : 0
   WordBits     : 32
   IndexBits    : 32
   Sort Order   : 0
   Sign Compare : 0
   Max Size     : 268435455
   Debug Enable : 1
   size         : 675000
   average_time :   23.711 # [msec]
   throughput   :   28.468 # [mwords/sec]
   Debug_Time(0):   58.234 # [msec]
   Debug_Time(1):   13.696 # [msec]
   Debug_Time(2):   21.569 # [msec]
   Debug_Time(3):    9.039 # [msec]
   Debug_Time(4):    7.146 # [msec]
   Debug_Time(5):    6.784 # [msec]
-
   Version      : 1.7
   Ways         : 16
   Words        : 1
   Feedback     : 0
   WordBits     : 32
   IndexBits    : 32
   Sort Order   : 0
   Sign Compare : 0
   Max Size     : 268435455
   Debug Enable : 1
   size         : 680000
   average_time :   23.891 # [msec]
   throughput   :   28.462 # [mwords/sec]
   Debug_Time(0):   58.757 # [msec]
   Debug_Time(1):   13.865 # [msec]
   Debug_Time(2):   21.770 # [msec]
   Debug_Time(3):    9.085 # [msec]
   Debug_Time(4):    7.204 # [msec]
   Debug_Time(5):    6.833 # [msec]
-
   Version      : 1.7
   Ways         : 16
   Words        : 1
   Feedback     : 0
   WordBits     : 32
   IndexBits    : 32
   Sort Order   : 0
   Sign Compare : 0
   Max Size     : 268435455
   Debug Enable : 1
   size         : 685000
   average_time :   24.039 # [msec]
   throughput   :   28.496 # [mwords/sec]
   Debug_Time(0):   58.831 # [msec]
   Debug_Time(1):   13.576 # [msec]
   Debug_Time(2):   21.925 # [msec]
   Debug_Time(3):    9.194 # [msec]
   Debug_Time(4):    7.252 # [msec]
   Debug_Time(5):    6.884 # [msec]
-
   Version      : 1.7
   Ways         : 16
   Words        : 1
   Feedback     : 0
   WordBits     : 32
   IndexBits    : 32
   Sort Order   : 0
   Sign Compare : 0
   Max Size     : 268435455
   Debug Enable : 1
   size         : 690000
   average_time :   24.206 # [msec]
   throughput   :   28.505 # [mwords/sec]
   Debug_Time(0):   59.421 # [msec]
   Debug_Time(1):   13.774 # [msec]
   Debug_Time(2):   22.175 # [msec]
   Debug_Time(3):    9.242 # [msec]
   Debug_Time(4):    7.297 # [msec]
   Debug_Time(5):    6.933 # [msec]
-
   Version      : 1.7
   Ways         : 16
   Words        : 1
   Feedback     : 0
   WordBits     : 32
   IndexBits    : 32
   Sort Order   : 0
   Sign Compare : 0
   Max Size     : 268435455
   Debug Enable : 1
   size         : 695000
   average_time :   24.372 # [msec]
   throughput   :   28.516 # [mwords/sec]
   Debug_Time(0):   60.078 # [msec]
   Debug_Time(1):   14.079 # [msec]
   Debug_Time(2):   22.337 # [msec]
   Debug_Time(3):    9.320 # [msec]
   Debug_Time(4):    7.360 # [msec]
   Debug_Time(5):    6.982 # [msec]
-
   Version      : 1.7
   Ways         : 16
   Words        : 1
   Feedback     : 0
   WordBits     : 32
   IndexBits    : 32
   Sort Order   : 0
   Sign Compare : 0
   Max Size     : 268435455
   Debug Enable : 1
   size         : 700000
   average_time :   24.634 # [msec]
   throughput   :   28.416 # [mwords/sec]
   Debug_Time(0):   60.597 # [msec]
   Debug_Time(1):   14.169 # [msec]
   Debug_Time(2):   22.584 # [msec]
   Debug_Time(3):    9.405 # [msec]
   Debug_Time(4):    7.407 # [msec]
   Debug_Time(5):    7.032 # [msec]
-
   Version      : 1.7
   Ways         : 16
   Words        : 1
   Feedback     : 0
   WordBits     : 32
   IndexBits    : 32
   Sort Order   : 0
   Sign Compare : 0
   Max Size     : 268435455
   Debug Enable : 1
   size         : 705000
   average_time :   24.728 # [msec]
   throughput   :   28.510 # [mwords/sec]
   Debug_Time(0):   61.012 # [msec]
   Debug_Time(1):   14.231 # [msec]
   Debug_Time(2):   22.780 # [msec]
   Debug_Time(3):    9.453 # [msec]
   Debug_Time(4):    7.465 # [msec]
   Debug_Time(5):    7.083 # [msec]
-
   Version      : 1.7
   Ways         : 16
   Words        : 1
   Feedback     : 0
   WordBits     : 32
   IndexBits    : 32
   Sort Order   : 0
   Sign Compare : 0
   Max Size     : 268435455
   Debug Enable : 1
   size         : 710000
   average_time :   24.897 # [msec]
   throughput   :   28.517 # [mwords/sec]
   Debug_Time(0):   61.562 # [msec]
   Debug_Time(1):   14.424 # [msec]
   Debug_Time(2):   22.941 # [msec]
   Debug_Time(3):    9.530 # [msec]
   Debug_Time(4):    7.534 # [msec]
   Debug_Time(5):    7.132 # [msec]
-
   Version      : 1.7
   Ways         : 16
   Words        : 1
   Feedback     : 0
   WordBits     : 32
   IndexBits    : 32
   Sort Order   : 0
   Sign Compare : 0
   Max Size     : 268435455
   Debug Enable : 1
   size         : 715000
   average_time :   25.069 # [msec]
   throughput   :   28.521 # [mwords/sec]
   Debug_Time(0):   61.845 # [msec]
   Debug_Time(1):   14.423 # [msec]
   Debug_Time(2):   23.078 # [msec]
   Debug_Time(3):    9.601 # [msec]
   Debug_Time(4):    7.559 # [msec]
   Debug_Time(5):    7.183 # [msec]
-
   Version      : 1.7
   Ways         : 16
   Words        : 1
   Feedback     : 0
   WordBits     : 32
   IndexBits    : 32
   Sort Order   : 0
   Sign Compare : 0
   Max Size     : 268435455
   Debug Enable : 1
   size         : 720000
   average_time :   25.226 # [msec]
   throughput   :   28.542 # [mwords/sec]
   Debug_Time(0):   62.582 # [msec]
   Debug_Time(1):   14.853 # [msec]
   Debug_Time(2):   23.217 # [msec]
   Debug_Time(3):    9.660 # [msec]
   Debug_Time(4):    7.621 # [msec]
   Debug_Time(5):    7.232 # [msec]
-
   Version      : 1.7
   Ways         : 16
   Words        : 1
   Feedback     : 0
   WordBits     : 32
   IndexBits    : 32
   Sort Order   : 0
   Sign Compare : 0
   Max Size     : 268435455
   Debug Enable : 1
   size         : 725000
   average_time :   25.469 # [msec]
   throughput   :   28.466 # [mwords/sec]
   Debug_Time(0):   63.140 # [msec]
   Debug_Time(1):   14.944 # [msec]
   Debug_Time(2):   23.483 # [msec]
   Debug_Time(3):    9.756 # [msec]
   Debug_Time(4):    7.670 # [msec]
   Debug_Time(5):    7.287 # [msec]
-
   Version      : 1.7
   Ways         : 16
   Words        : 1
   Feedback     : 0
   WordBits     : 32
   IndexBits    : 32
   Sort Order   : 0
   Sign Compare : 0
   Max Size     : 268435455
   Debug Enable : 1
   size         : 730000
   average_time :   25.566 # [msec]
   throughput   :   28.554 # [mwords/sec]
   Debug_Time(0):   63.626 # [msec]
   Debug_Time(1):   15.156 # [msec]
   Debug_Time(2):   23.607 # [msec]
   Debug_Time(3):    9.790 # [msec]
   Debug_Time(4):    7.737 # [msec]
   Debug_Time(5):    7.336 # [msec]
-
   Version      : 1.7
   Ways         : 16
   Words        : 1
   Feedback     : 0
   WordBits     : 32
   IndexBits    : 32
   Sort Order   : 0
   Sign Compare : 0
   Max Size     : 268435455
   Debug Enable : 1
   size         : 735000
   average_time :   25.739 # [msec]
   throughput   :   28.556 # [mwords/sec]
   Debug_Time(0):   63.916 # [msec]
   Debug_Time(1):   15.117 # [msec]
   Debug_Time(2):   23.793 # [msec]
   Debug_Time(3):    9.852 # [msec]
   Debug_Time(4):    7.769 # [msec]
   Debug_Time(5):    7.385 # [msec]
-
   Version      : 1.7
   Ways         : 16
   Words        : 1
   Feedback     : 0
   WordBits     : 32
   IndexBits    : 32
   Sort Order   : 0
   Sign Compare : 0
   Max Size     : 268435455
   Debug Enable : 1
   size         : 740000
   average_time :   25.884 # [msec]
   throughput   :   28.590 # [mwords/sec]
   Debug_Time(0):   63.979 # [msec]
   Debug_Time(1):   14.853 # [msec]
   Debug_Time(2):   23.935 # [msec]
   Debug_Time(3):    9.929 # [msec]
   Debug_Time(4):    7.829 # [msec]
   Debug_Time(5):    7.434 # [msec]
-
   Version      : 1.7
   Ways         : 16
   Words        : 1
   Feedback     : 0
   WordBits     : 32
   IndexBits    : 32
   Sort Order   : 0
   Sign Compare : 0
   Max Size     : 268435455
   Debug Enable : 1
   size         : 745000
   average_time :   26.074 # [msec]
   throughput   :   28.572 # [mwords/sec]
   Debug_Time(0):   64.517 # [msec]
   Debug_Time(1):   15.093 # [msec]
   Debug_Time(2):   24.078 # [msec]
   Debug_Time(3):    9.985 # [msec]
   Debug_Time(4):    7.877 # [msec]
   Debug_Time(5):    7.485 # [msec]
-
   Version      : 1.7
   Ways         : 16
   Words        : 1
   Feedback     : 0
   WordBits     : 32
   IndexBits    : 32
   Sort Order   : 0
   Sign Compare : 0
   Max Size     : 268435455
   Debug Enable : 1
   size         : 750000
   average_time :   26.251 # [msec]
   throughput   :   28.570 # [mwords/sec]
   Debug_Time(0):   64.928 # [msec]
   Debug_Time(1):   15.143 # [msec]
   Debug_Time(2):   24.246 # [msec]
   Debug_Time(3):   10.051 # [msec]
   Debug_Time(4):    7.953 # [msec]
   Debug_Time(5):    7.534 # [msec]
-
   Version      : 1.7
   Ways         : 16
   Words        : 1
   Feedback     : 0
   WordBits     : 32
   IndexBits    : 32
   Sort Order   : 0
   Sign Compare : 0
   Max Size     : 268435455
   Debug Enable : 1
   size         : 755000
   average_time :   26.415 # [msec]
   throughput   :   28.582 # [mwords/sec]
   Debug_Time(0):   65.378 # [msec]
   Debug_Time(1):   15.303 # [msec]
   Debug_Time(2):   24.365 # [msec]
   Debug_Time(3):   10.126 # [msec]
   Debug_Time(4):    7.999 # [msec]
   Debug_Time(5):    7.586 # [msec]
-
   Version      : 1.7
   Ways         : 16
   Words        : 1
   Feedback     : 0
   WordBits     : 32
   IndexBits    : 32
   Sort Order   : 0
   Sign Compare : 0
   Max Size     : 268435455
   Debug Enable : 1
   size         : 760000
   average_time :   26.631 # [msec]
   throughput   :   28.538 # [mwords/sec]
   Debug_Time(0):   65.797 # [msec]
   Debug_Time(1):   15.395 # [msec]
   Debug_Time(2):   24.506 # [msec]
   Debug_Time(3):   10.222 # [msec]
   Debug_Time(4):    8.039 # [msec]
   Debug_Time(5):    7.636 # [msec]
-
   Version      : 1.7
   Ways         : 16
   Words        : 1
   Feedback     : 0
   WordBits     : 32
   IndexBits    : 32
   Sort Order   : 0
   Sign Compare : 0
   Max Size     : 268435455
   Debug Enable : 1
   size         : 765000
   average_time :   26.773 # [msec]
   throughput   :   28.573 # [mwords/sec]
   Debug_Time(0):   66.408 # [msec]
   Debug_Time(1):   15.537 # [msec]
   Debug_Time(2):   24.771 # [msec]
   Debug_Time(3):   10.300 # [msec]
   Debug_Time(4):    8.113 # [msec]
   Debug_Time(5):    7.687 # [msec]
-
   Version      : 1.7
   Ways         : 16
   Words        : 1
   Feedback     : 0
   WordBits     : 32
   IndexBits    : 32
   Sort Order   : 0
   Sign Compare : 0
   Max Size     : 268435455
   Debug Enable : 1
   size         : 770000
   average_time :   26.955 # [msec]
   throughput   :   28.566 # [mwords/sec]
   Debug_Time(0):   66.834 # [msec]
   Debug_Time(1):   15.613 # [msec]
   Debug_Time(2):   24.998 # [msec]
   Debug_Time(3):   10.341 # [msec]
   Debug_Time(4):    8.146 # [msec]
   Debug_Time(5):    7.737 # [msec]
-
   Version      : 1.7
   Ways         : 16
   Words        : 1
   Feedback     : 0
   WordBits     : 32
   IndexBits    : 32
   Sort Order   : 0
   Sign Compare : 0
   Max Size     : 268435455
   Debug Enable : 1
   size         : 775000
   average_time :   27.149 # [msec]
   throughput   :   28.546 # [mwords/sec]
   Debug_Time(0):   67.370 # [msec]
   Debug_Time(1):   15.705 # [msec]
   Debug_Time(2):   25.305 # [msec]
   Debug_Time(3):   10.368 # [msec]
   Debug_Time(4):    8.206 # [msec]
   Debug_Time(5):    7.786 # [msec]
-
   Version      : 1.7
   Ways         : 16
   Words        : 1
   Feedback     : 0
   WordBits     : 32
   IndexBits    : 32
   Sort Order   : 0
   Sign Compare : 0
   Max Size     : 268435455
   Debug Enable : 1
   size         : 780000
   average_time :   27.361 # [msec]
   throughput   :   28.508 # [mwords/sec]
   Debug_Time(0):   67.929 # [msec]
   Debug_Time(1):   15.912 # [msec]
   Debug_Time(2):   25.509 # [msec]
   Debug_Time(3):   10.426 # [msec]
   Debug_Time(4):    8.248 # [msec]
   Debug_Time(5):    7.834 # [msec]
-
   Version      : 1.7
   Ways         : 16
   Words        : 1
   Feedback     : 0
   WordBits     : 32
   IndexBits    : 32
   Sort Order   : 0
   Sign Compare : 0
   Max Size     : 268435455
   Debug Enable : 1
   size         : 785000
   average_time :   27.489 # [msec]
   throughput   :   28.557 # [mwords/sec]
   Debug_Time(0):   68.108 # [msec]
   Debug_Time(1):   15.823 # [msec]
   Debug_Time(2):   25.581 # [msec]
   Debug_Time(3):   10.494 # [msec]
   Debug_Time(4):    8.325 # [msec]
   Debug_Time(5):    7.885 # [msec]
-
   Version      : 1.7
   Ways         : 16
   Words        : 1
   Feedback     : 0
   WordBits     : 32
   IndexBits    : 32
   Sort Order   : 0
   Sign Compare : 0
   Max Size     : 268435455
   Debug Enable : 1
   size         : 790000
   average_time :   27.687 # [msec]
   throughput   :   28.533 # [mwords/sec]
   Debug_Time(0):   68.541 # [msec]
   Debug_Time(1):   15.940 # [msec]
   Debug_Time(2):   25.742 # [msec]
   Debug_Time(3):   10.564 # [msec]
   Debug_Time(4):    8.358 # [msec]
   Debug_Time(5):    7.937 # [msec]
-
   Version      : 1.7
   Ways         : 16
   Words        : 1
   Feedback     : 0
   WordBits     : 32
   IndexBits    : 32
   Sort Order   : 0
   Sign Compare : 0
   Max Size     : 268435455
   Debug Enable : 1
   size         : 795000
   average_time :   27.835 # [msec]
   throughput   :   28.562 # [mwords/sec]
   Debug_Time(0):   68.969 # [msec]
   Debug_Time(1):   16.155 # [msec]
   Debug_Time(2):   25.770 # [msec]
   Debug_Time(3):   10.640 # [msec]
   Debug_Time(4):    8.415 # [msec]
   Debug_Time(5):    7.988 # [msec]
-
   Version      : 1.7
   Ways         : 16
   Words        : 1
   Feedback     : 0
   WordBits     : 32
   IndexBits    : 32
   Sort Order   : 0
   Sign Compare : 0
   Max Size     : 268435455
   Debug Enable : 1
   size         : 800000
   average_time :   27.984 # [msec]
   throughput   :   28.588 # [mwords/sec]
   Debug_Time(0):   69.344 # [msec]
   Debug_Time(1):   16.082 # [msec]
   Debug_Time(2):   26.063 # [msec]
   Debug_Time(3):   10.700 # [msec]
   Debug_Time(4):    8.461 # [msec]
   Debug_Time(5):    8.038 # [msec]
-
   Version      : 1.7
   Ways         : 16
   Words        : 1
   Feedback     : 0
   WordBits     : 32
   IndexBits    : 32
   Sort Order   : 0
   Sign Compare : 0
   Max Size     : 268435455
   Debug Enable : 1
   size         : 805000
   average_time :   28.498 # [msec]
   throughput   :   28.248 # [mwords/sec]
   Debug_Time(0):   69.975 # [msec]
   Debug_Time(1):   16.909 # [msec]
   Debug_Time(2):   25.725 # [msec]
   Debug_Time(3):   10.742 # [msec]
   Debug_Time(4):    8.509 # [msec]
   Debug_Time(5):    8.089 # [msec]
-
   Version      : 1.7
   Ways         : 16
   Words        : 1
   Feedback     : 0
   WordBits     : 32
   IndexBits    : 32
   Sort Order   : 0
   Sign Compare : 0
   Max Size     : 268435455
   Debug Enable : 1
   size         : 810000
   average_time :   28.388 # [msec]
   throughput   :   28.533 # [mwords/sec]
   Debug_Time(0):   70.375 # [msec]
   Debug_Time(1):   16.910 # [msec]
   Debug_Time(2):   25.903 # [msec]
   Debug_Time(3):   10.841 # [msec]
   Debug_Time(4):    8.582 # [msec]
   Debug_Time(5):    8.139 # [msec]
-
   Version      : 1.7
   Ways         : 16
   Words        : 1
   Feedback     : 0
   WordBits     : 32
   IndexBits    : 32
   Sort Order   : 0
   Sign Compare : 0
   Max Size     : 268435455
   Debug Enable : 1
   size         : 815000
   average_time :   28.624 # [msec]
   throughput   :   28.473 # [mwords/sec]
   Debug_Time(0):   70.897 # [msec]
   Debug_Time(1):   17.094 # [msec]
   Debug_Time(2):   26.090 # [msec]
   Debug_Time(3):   10.910 # [msec]
   Debug_Time(4):    8.614 # [msec]
   Debug_Time(5):    8.189 # [msec]
-
   Version      : 1.7
   Ways         : 16
   Words        : 1
   Feedback     : 0
   WordBits     : 32
   IndexBits    : 32
   Sort Order   : 0
   Sign Compare : 0
   Max Size     : 268435455
   Debug Enable : 1
   size         : 820000
   average_time :   28.679 # [msec]
   throughput   :   28.593 # [mwords/sec]
   Debug_Time(0):   70.565 # [msec]
   Debug_Time(1):   16.483 # [msec]
   Debug_Time(2):   26.196 # [msec]
   Debug_Time(3):   10.965 # [msec]
   Debug_Time(4):    8.683 # [msec]
   Debug_Time(5):    8.238 # [msec]
-
   Version      : 1.7
   Ways         : 16
   Words        : 1
   Feedback     : 0
   WordBits     : 32
   IndexBits    : 32
   Sort Order   : 0
   Sign Compare : 0
   Max Size     : 268435455
   Debug Enable : 1
   size         : 825000
   average_time :   28.901 # [msec]
   throughput   :   28.545 # [mwords/sec]
   Debug_Time(0):   71.092 # [msec]
   Debug_Time(1):   16.689 # [msec]
   Debug_Time(2):   26.361 # [msec]
   Debug_Time(3):   11.019 # [msec]
   Debug_Time(4):    8.734 # [msec]
   Debug_Time(5):    8.287 # [msec]
-
   Version      : 1.7
   Ways         : 16
   Words        : 1
   Feedback     : 0
   WordBits     : 32
   IndexBits    : 32
   Sort Order   : 0
   Sign Compare : 0
   Max Size     : 268435455
   Debug Enable : 1
   size         : 830000
   average_time :   29.028 # [msec]
   throughput   :   28.593 # [mwords/sec]
   Debug_Time(0):   71.187 # [msec]
   Debug_Time(1):   16.456 # [msec]
   Debug_Time(2):   26.519 # [msec]
   Debug_Time(3):   11.082 # [msec]
   Debug_Time(4):    8.793 # [msec]
   Debug_Time(5):    8.337 # [msec]
-
   Version      : 1.7
   Ways         : 16
   Words        : 1
   Feedback     : 0
   WordBits     : 32
   IndexBits    : 32
   Sort Order   : 0
   Sign Compare : 0
   Max Size     : 268435455
   Debug Enable : 1
   size         : 835000
   average_time :   29.238 # [msec]
   throughput   :   28.559 # [mwords/sec]
   Debug_Time(0):   71.864 # [msec]
   Debug_Time(1):   16.778 # [msec]
   Debug_Time(2):   26.682 # [msec]
   Debug_Time(3):   11.166 # [msec]
   Debug_Time(4):    8.849 # [msec]
   Debug_Time(5):    8.388 # [msec]
-
   Version      : 1.7
   Ways         : 16
   Words        : 1
   Feedback     : 0
   WordBits     : 32
   IndexBits    : 32
   Sort Order   : 0
   Sign Compare : 0
   Max Size     : 268435455
   Debug Enable : 1
   size         : 840000
   average_time :   29.343 # [msec]
   throughput   :   28.627 # [mwords/sec]
   Debug_Time(0):   72.138 # [msec]
   Debug_Time(1):   16.749 # [msec]
   Debug_Time(2):   26.848 # [msec]
   Debug_Time(3):   11.211 # [msec]
   Debug_Time(4):    8.892 # [msec]
   Debug_Time(5):    8.438 # [msec]
-
   Version      : 1.7
   Ways         : 16
   Words        : 1
   Feedback     : 0
   WordBits     : 32
   IndexBits    : 32
   Sort Order   : 0
   Sign Compare : 0
   Max Size     : 268435455
   Debug Enable : 1
   size         : 845000
   average_time :   29.518 # [msec]
   throughput   :   28.626 # [mwords/sec]
   Debug_Time(0):   72.596 # [msec]
   Debug_Time(1):   16.855 # [msec]
   Debug_Time(2):   27.017 # [msec]
   Debug_Time(3):   11.310 # [msec]
   Debug_Time(4):    8.925 # [msec]
   Debug_Time(5):    8.489 # [msec]
-
   Version      : 1.7
   Ways         : 16
   Words        : 1
   Feedback     : 0
   WordBits     : 32
   IndexBits    : 32
   Sort Order   : 0
   Sign Compare : 0
   Max Size     : 268435455
   Debug Enable : 1
   size         : 850000
   average_time :   29.702 # [msec]
   throughput   :   28.618 # [mwords/sec]
   Debug_Time(0):   73.083 # [msec]
   Debug_Time(1):   17.028 # [msec]
   Debug_Time(2):   27.169 # [msec]
   Debug_Time(3):   11.359 # [msec]
   Debug_Time(4):    8.989 # [msec]
   Debug_Time(5):    8.539 # [msec]
-
   Version      : 1.7
   Ways         : 16
   Words        : 1
   Feedback     : 0
   WordBits     : 32
   IndexBits    : 32
   Sort Order   : 0
   Sign Compare : 0
   Max Size     : 268435455
   Debug Enable : 1
   size         : 855000
   average_time :   29.873 # [msec]
   throughput   :   28.621 # [mwords/sec]
   Debug_Time(0):   73.535 # [msec]
   Debug_Time(1):   17.152 # [msec]
   Debug_Time(2):   27.322 # [msec]
   Debug_Time(3):   11.420 # [msec]
   Debug_Time(4):    9.048 # [msec]
   Debug_Time(5):    8.593 # [msec]
-
   Version      : 1.7
   Ways         : 16
   Words        : 1
   Feedback     : 0
   WordBits     : 32
   IndexBits    : 32
   Sort Order   : 0
   Sign Compare : 0
   Max Size     : 268435455
   Debug Enable : 1
   size         : 860000
   average_time :   30.045 # [msec]
   throughput   :   28.624 # [mwords/sec]
   Debug_Time(0):   73.904 # [msec]
   Debug_Time(1):   17.165 # [msec]
   Debug_Time(2):   27.492 # [msec]
   Debug_Time(3):   11.491 # [msec]
   Debug_Time(4):    9.115 # [msec]
   Debug_Time(5):    8.641 # [msec]
-
   Version      : 1.7
   Ways         : 16
   Words        : 1
   Feedback     : 0
   WordBits     : 32
   IndexBits    : 32
   Sort Order   : 0
   Sign Compare : 0
   Max Size     : 268435455
   Debug Enable : 1
   size         : 865000
   average_time :   30.212 # [msec]
   throughput   :   28.631 # [mwords/sec]
   Debug_Time(0):   74.271 # [msec]
   Debug_Time(1):   17.219 # [msec]
   Debug_Time(2):   27.647 # [msec]
   Debug_Time(3):   11.561 # [msec]
   Debug_Time(4):    9.154 # [msec]
   Debug_Time(5):    8.690 # [msec]
-
   Version      : 1.7
   Ways         : 16
   Words        : 1
   Feedback     : 0
   WordBits     : 32
   IndexBits    : 32
   Sort Order   : 0
   Sign Compare : 0
   Max Size     : 268435455
   Debug Enable : 1
   size         : 870000
   average_time :   30.464 # [msec]
   throughput   :   28.559 # [mwords/sec]
   Debug_Time(0):   75.055 # [msec]
   Debug_Time(1):   17.601 # [msec]
   Debug_Time(2):   27.847 # [msec]
   Debug_Time(3):   11.652 # [msec]
   Debug_Time(4):    9.216 # [msec]
   Debug_Time(5):    8.739 # [msec]
-
   Version      : 1.7
   Ways         : 16
   Words        : 1
   Feedback     : 0
   WordBits     : 32
   IndexBits    : 32
   Sort Order   : 0
   Sign Compare : 0
   Max Size     : 268435455
   Debug Enable : 1
   size         : 875000
   average_time :   30.586 # [msec]
   throughput   :   28.608 # [mwords/sec]
   Debug_Time(0):   75.264 # [msec]
   Debug_Time(1):   17.528 # [msec]
   Debug_Time(2):   27.961 # [msec]
   Debug_Time(3):   11.713 # [msec]
   Debug_Time(4):    9.271 # [msec]
   Debug_Time(5):    8.790 # [msec]
-
   Version      : 1.7
   Ways         : 16
   Words        : 1
   Feedback     : 0
   WordBits     : 32
   IndexBits    : 32
   Sort Order   : 0
   Sign Compare : 0
   Max Size     : 268435455
   Debug Enable : 1
   size         : 880000
   average_time :   30.725 # [msec]
   throughput   :   28.641 # [mwords/sec]
   Debug_Time(0):   75.671 # [msec]
   Debug_Time(1):   17.612 # [msec]
   Debug_Time(2):   28.131 # [msec]
   Debug_Time(3):   11.757 # [msec]
   Debug_Time(4):    9.331 # [msec]
   Debug_Time(5):    8.840 # [msec]
-
   Version      : 1.7
   Ways         : 16
   Words        : 1
   Feedback     : 0
   WordBits     : 32
   IndexBits    : 32
   Sort Order   : 0
   Sign Compare : 0
   Max Size     : 268435455
   Debug Enable : 1
   size         : 885000
   average_time :   30.909 # [msec]
   throughput   :   28.633 # [mwords/sec]
   Debug_Time(0):   76.020 # [msec]
   Debug_Time(1):   17.646 # [msec]
   Debug_Time(2):   28.275 # [msec]
   Debug_Time(3):   11.835 # [msec]
   Debug_Time(4):    9.373 # [msec]
   Debug_Time(5):    8.891 # [msec]
-
   Version      : 1.7
   Ways         : 16
   Words        : 1
   Feedback     : 0
   WordBits     : 32
   IndexBits    : 32
   Sort Order   : 0
   Sign Compare : 0
   Max Size     : 268435455
   Debug Enable : 1
   size         : 890000
   average_time :   31.072 # [msec]
   throughput   :   28.643 # [mwords/sec]
   Debug_Time(0):   76.471 # [msec]
   Debug_Time(1):   17.789 # [msec]
   Debug_Time(2):   28.435 # [msec]
   Debug_Time(3):   11.885 # [msec]
   Debug_Time(4):    9.420 # [msec]
   Debug_Time(5):    8.942 # [msec]
-
   Version      : 1.7
   Ways         : 16
   Words        : 1
   Feedback     : 0
   WordBits     : 32
   IndexBits    : 32
   Sort Order   : 0
   Sign Compare : 0
   Max Size     : 268435455
   Debug Enable : 1
   size         : 895000
   average_time :   31.265 # [msec]
   throughput   :   28.626 # [mwords/sec]
   Debug_Time(0):   76.821 # [msec]
   Debug_Time(1):   17.797 # [msec]
   Debug_Time(2):   28.594 # [msec]
   Debug_Time(3):   11.962 # [msec]
   Debug_Time(4):    9.477 # [msec]
   Debug_Time(5):    8.991 # [msec]
-
   Version      : 1.7
   Ways         : 16
   Words        : 1
   Feedback     : 0
   WordBits     : 32
   IndexBits    : 32
   Sort Order   : 0
   Sign Compare : 0
   Max Size     : 268435455
   Debug Enable : 1
   size         : 900000
   average_time :   31.445 # [msec]
   throughput   :   28.621 # [mwords/sec]
   Debug_Time(0):   77.365 # [msec]
   Debug_Time(1):   18.000 # [msec]
   Debug_Time(2):   28.760 # [msec]
   Debug_Time(3):   12.035 # [msec]
   Debug_Time(4):    9.530 # [msec]
   Debug_Time(5):    9.041 # [msec]
-
   Version      : 1.7
   Ways         : 16
   Words        : 1
   Feedback     : 0
   WordBits     : 32
   IndexBits    : 32
   Sort Order   : 0
   Sign Compare : 0
   Max Size     : 268435455
   Debug Enable : 1
   size         : 905000
   average_time :   31.663 # [msec]
   throughput   :   28.582 # [mwords/sec]
   Debug_Time(0):   77.887 # [msec]
   Debug_Time(1):   18.162 # [msec]
   Debug_Time(2):   28.935 # [msec]
   Debug_Time(3):   12.120 # [msec]
   Debug_Time(4):    9.578 # [msec]
   Debug_Time(5):    9.091 # [msec]
-
   Version      : 1.7
   Ways         : 16
   Words        : 1
   Feedback     : 0
   WordBits     : 32
   IndexBits    : 32
   Sort Order   : 0
   Sign Compare : 0
   Max Size     : 268435455
   Debug Enable : 1
   size         : 910000
   average_time :   31.755 # [msec]
   throughput   :   28.657 # [mwords/sec]
   Debug_Time(0):   78.200 # [msec]
   Debug_Time(1):   18.212 # [msec]
   Debug_Time(2):   29.075 # [msec]
   Debug_Time(3):   12.151 # [msec]
   Debug_Time(4):    9.622 # [msec]
   Debug_Time(5):    9.139 # [msec]
-
   Version      : 1.7
   Ways         : 16
   Words        : 1
   Feedback     : 0
   WordBits     : 32
   IndexBits    : 32
   Sort Order   : 0
   Sign Compare : 0
   Max Size     : 268435455
   Debug Enable : 1
   size         : 915000
   average_time :   31.967 # [msec]
   throughput   :   28.624 # [mwords/sec]
   Debug_Time(0):   78.495 # [msec]
   Debug_Time(1):   18.163 # [msec]
   Debug_Time(2):   29.232 # [msec]
   Debug_Time(3):   12.217 # [msec]
   Debug_Time(4):    9.692 # [msec]
   Debug_Time(5):    9.190 # [msec]
-
   Version      : 1.7
   Ways         : 16
   Words        : 1
   Feedback     : 0
   WordBits     : 32
   IndexBits    : 32
   Sort Order   : 0
   Sign Compare : 0
   Max Size     : 268435455
   Debug Enable : 1
   size         : 920000
   average_time :   32.128 # [msec]
   throughput   :   28.636 # [mwords/sec]
   Debug_Time(0):   79.111 # [msec]
   Debug_Time(1):   18.406 # [msec]
   Debug_Time(2):   29.397 # [msec]
   Debug_Time(3):   12.322 # [msec]
   Debug_Time(4):    9.744 # [msec]
   Debug_Time(5):    9.243 # [msec]
-
   Version      : 1.7
   Ways         : 16
   Words        : 1
   Feedback     : 0
   WordBits     : 32
   IndexBits    : 32
   Sort Order   : 0
   Sign Compare : 0
   Max Size     : 268435455
   Debug Enable : 1
   size         : 925000
   average_time :   32.321 # [msec]
   throughput   :   28.619 # [mwords/sec]
   Debug_Time(0):   79.370 # [msec]
   Debug_Time(1):   18.374 # [msec]
   Debug_Time(2):   29.555 # [msec]
   Debug_Time(3):   12.366 # [msec]
   Debug_Time(4):    9.781 # [msec]
   Debug_Time(5):    9.294 # [msec]
-
   Version      : 1.7
   Ways         : 16
   Words        : 1
   Feedback     : 0
   WordBits     : 32
   IndexBits    : 32
   Sort Order   : 0
   Sign Compare : 0
   Max Size     : 268435455
   Debug Enable : 1
   size         : 930000
   average_time :   32.453 # [msec]
   throughput   :   28.657 # [mwords/sec]
   Debug_Time(0):   79.950 # [msec]
   Debug_Time(1):   18.578 # [msec]
   Debug_Time(2):   29.723 # [msec]
   Debug_Time(3):   12.470 # [msec]
   Debug_Time(4):    9.836 # [msec]
   Debug_Time(5):    9.343 # [msec]
-
   Version      : 1.7
   Ways         : 16
   Words        : 1
   Feedback     : 0
   WordBits     : 32
   IndexBits    : 32
   Sort Order   : 0
   Sign Compare : 0
   Max Size     : 268435455
   Debug Enable : 1
   size         : 935000
   average_time :   32.614 # [msec]
   throughput   :   28.669 # [mwords/sec]
   Debug_Time(0):   80.483 # [msec]
   Debug_Time(1):   18.684 # [msec]
   Debug_Time(2):   29.992 # [msec]
   Debug_Time(3):   12.521 # [msec]
   Debug_Time(4):    9.893 # [msec]
   Debug_Time(5):    9.394 # [msec]
-
   Version      : 1.7
   Ways         : 16
   Words        : 1
   Feedback     : 0
   WordBits     : 32
   IndexBits    : 32
   Sort Order   : 0
   Sign Compare : 0
   Max Size     : 268435455
   Debug Enable : 1
   size         : 940000
   average_time :   32.810 # [msec]
   throughput   :   28.650 # [mwords/sec]
   Debug_Time(0):   81.053 # [msec]
   Debug_Time(1):   18.868 # [msec]
   Debug_Time(2):   30.179 # [msec]
   Debug_Time(3):   12.618 # [msec]
   Debug_Time(4):    9.945 # [msec]
   Debug_Time(5):    9.444 # [msec]
-
   Version      : 1.7
   Ways         : 16
   Words        : 1
   Feedback     : 0
   WordBits     : 32
   IndexBits    : 32
   Sort Order   : 0
   Sign Compare : 0
   Max Size     : 268435455
   Debug Enable : 1
   size         : 945000
   average_time :   32.938 # [msec]
   throughput   :   28.690 # [mwords/sec]
   Debug_Time(0):   81.278 # [msec]
   Debug_Time(1):   18.784 # [msec]
   Debug_Time(2):   30.334 # [msec]
   Debug_Time(3):   12.671 # [msec]
   Debug_Time(4):    9.995 # [msec]
   Debug_Time(5):    9.494 # [msec]
-
   Version      : 1.7
   Ways         : 16
   Words        : 1
   Feedback     : 0
   WordBits     : 32
   IndexBits    : 32
   Sort Order   : 0
   Sign Compare : 0
   Max Size     : 268435455
   Debug Enable : 1
   size         : 950000
   average_time :   33.121 # [msec]
   throughput   :   28.683 # [mwords/sec]
   Debug_Time(0):   81.838 # [msec]
   Debug_Time(1):   18.971 # [msec]
   Debug_Time(2):   30.517 # [msec]
   Debug_Time(3):   12.746 # [msec]
   Debug_Time(4):   10.062 # [msec]
   Debug_Time(5):    9.543 # [msec]
-
   Version      : 1.7
   Ways         : 16
   Words        : 1
   Feedback     : 0
   WordBits     : 32
   IndexBits    : 32
   Sort Order   : 0
   Sign Compare : 0
   Max Size     : 268435455
   Debug Enable : 1
   size         : 955000
   average_time :   33.247 # [msec]
   throughput   :   28.724 # [mwords/sec]
   Debug_Time(0):   82.359 # [msec]
   Debug_Time(1):   19.064 # [msec]
   Debug_Time(2):   30.805 # [msec]
   Debug_Time(3):   12.801 # [msec]
   Debug_Time(4):   10.097 # [msec]
   Debug_Time(5):    9.592 # [msec]
-
   Version      : 1.7
   Ways         : 16
   Words        : 1
   Feedback     : 0
   WordBits     : 32
   IndexBits    : 32
   Sort Order   : 0
   Sign Compare : 0
   Max Size     : 268435455
   Debug Enable : 1
   size         : 960000
   average_time :   33.442 # [msec]
   throughput   :   28.706 # [mwords/sec]
   Debug_Time(0):   82.874 # [msec]
   Debug_Time(1):   19.212 # [msec]
   Debug_Time(2):   30.977 # [msec]
   Debug_Time(3):   12.887 # [msec]
   Debug_Time(4):   10.157 # [msec]
   Debug_Time(5):    9.642 # [msec]
-
   Version      : 1.7
   Ways         : 16
   Words        : 1
   Feedback     : 0
   WordBits     : 32
   IndexBits    : 32
   Sort Order   : 0
   Sign Compare : 0
   Max Size     : 268435455
   Debug Enable : 1
   size         : 965000
   average_time :   33.624 # [msec]
   throughput   :   28.700 # [mwords/sec]
   Debug_Time(0):   83.350 # [msec]
   Debug_Time(1):   19.285 # [msec]
   Debug_Time(2):   31.218 # [msec]
   Debug_Time(3):   12.935 # [msec]
   Debug_Time(4):   10.219 # [msec]
   Debug_Time(5):    9.693 # [msec]
-
   Version      : 1.7
   Ways         : 16
   Words        : 1
   Feedback     : 0
   WordBits     : 32
   IndexBits    : 32
   Sort Order   : 0
   Sign Compare : 0
   Max Size     : 268435455
   Debug Enable : 1
   size         : 970000
   average_time :   33.811 # [msec]
   throughput   :   28.688 # [mwords/sec]
   Debug_Time(0):   83.964 # [msec]
   Debug_Time(1):   19.588 # [msec]
   Debug_Time(2):   31.346 # [msec]
   Debug_Time(3):   13.019 # [msec]
   Debug_Time(4):   10.268 # [msec]
   Debug_Time(5):    9.743 # [msec]
-
   Version      : 1.7
   Ways         : 16
   Words        : 1
   Feedback     : 0
   WordBits     : 32
   IndexBits    : 32
   Sort Order   : 0
   Sign Compare : 0
   Max Size     : 268435455
   Debug Enable : 1
   size         : 975000
   average_time :   34.073 # [msec]
   throughput   :   28.615 # [mwords/sec]
   Debug_Time(0):   84.431 # [msec]
   Debug_Time(1):   19.667 # [msec]
   Debug_Time(2):   31.546 # [msec]
   Debug_Time(3):   13.093 # [msec]
   Debug_Time(4):   10.331 # [msec]
   Debug_Time(5):    9.794 # [msec]
-
   Version      : 1.7
   Ways         : 16
   Words        : 1
   Feedback     : 0
   WordBits     : 32
   IndexBits    : 32
   Sort Order   : 0
   Sign Compare : 0
   Max Size     : 268435455
   Debug Enable : 1
   size         : 980000
   average_time :   34.161 # [msec]
   throughput   :   28.688 # [mwords/sec]
   Debug_Time(0):   84.969 # [msec]
   Debug_Time(1):   19.920 # [msec]
   Debug_Time(2):   31.687 # [msec]
   Debug_Time(3):   13.135 # [msec]
   Debug_Time(4):   10.382 # [msec]
   Debug_Time(5):    9.844 # [msec]
-
   Version      : 1.7
   Ways         : 16
   Words        : 1
   Feedback     : 0
   WordBits     : 32
   IndexBits    : 32
   Sort Order   : 0
   Sign Compare : 0
   Max Size     : 268435455
   Debug Enable : 1
   size         : 985000
   average_time :   34.336 # [msec]
   throughput   :   28.687 # [mwords/sec]
   Debug_Time(0):   85.472 # [msec]
   Debug_Time(1):   20.083 # [msec]
   Debug_Time(2):   31.877 # [msec]
   Debug_Time(3):   13.187 # [msec]
   Debug_Time(4):   10.430 # [msec]
   Debug_Time(5):    9.896 # [msec]
-
   Version      : 1.7
   Ways         : 16
   Words        : 1
   Feedback     : 0
   WordBits     : 32
   IndexBits    : 32
   Sort Order   : 0
   Sign Compare : 0
   Max Size     : 268435455
   Debug Enable : 1
   size         : 990000
   average_time :   34.496 # [msec]
   throughput   :   28.699 # [mwords/sec]
   Debug_Time(0):   85.821 # [msec]
   Debug_Time(1):   20.186 # [msec]
   Debug_Time(2):   31.983 # [msec]
   Debug_Time(3):   13.243 # [msec]
   Debug_Time(4):   10.462 # [msec]
   Debug_Time(5):    9.946 # [msec]
-
   Version      : 1.7
   Ways         : 16
   Words        : 1
   Feedback     : 0
   WordBits     : 32
   IndexBits    : 32
   Sort Order   : 0
   Sign Compare : 0
   Max Size     : 268435455
   Debug Enable : 1
   size         : 995000
   average_time :   34.675 # [msec]
   throughput   :   28.695 # [mwords/sec]
   Debug_Time(0):   86.210 # [msec]
   Debug_Time(1):   20.217 # [msec]
   Debug_Time(2):   32.174 # [msec]
   Debug_Time(3):   13.314 # [msec]
   Debug_Time(4):   10.508 # [msec]
   Debug_Time(5):    9.996 # [msec]
-
   Version      : 1.7
   Ways         : 16
   Words        : 1
   Feedback     : 0
   WordBits     : 32
   IndexBits    : 32
   Sort Order   : 0
   Sign Compare : 0
   Max Size     : 268435455
   Debug Enable : 1
   size         : 1000000
   average_time :   34.947 # [msec]
   throughput   :   28.614 # [mwords/sec]
   Debug_Time(0):   86.615 # [msec]
   Debug_Time(1):   20.258 # [msec]
   Debug_Time(2):   32.288 # [msec]
   Debug_Time(3):   13.436 # [msec]
   Debug_Time(4):   10.587 # [msec]
   Debug_Time(5):   10.045 # [msec]
