---
-
   Version      : 1.7
   Ways         : 16
   Words        : 2
   Feedback     : 0
   WordBits     : 32
   IndexBits    : 32
   Sort Order   : 0
   Sign Compare : 0
   Max Size     : 268435455
   Debug Enable : 1
   size         : 5000
   average_time :    0.255 # [msec]
   throughput   :   19.596 # [mwords/sec]
   Debug_Time(0):    0.186 # [msec]
   Debug_Time(1):    0.031 # [msec]
   Debug_Time(2):    0.099 # [msec]
   Debug_Time(3):    0.056 # [msec]
-
   Version      : 1.7
   Ways         : 16
   Words        : 2
   Feedback     : 0
   WordBits     : 32
   IndexBits    : 32
   Sort Order   : 0
   Sign Compare : 0
   Max Size     : 268435455
   Debug Enable : 1
   size         : 10000
   average_time :    0.347 # [msec]
   throughput   :   28.845 # [mwords/sec]
   Debug_Time(0):    0.413 # [msec]
   Debug_Time(1):    0.060 # [msec]
   Debug_Time(2):    0.193 # [msec]
   Debug_Time(3):    0.102 # [msec]
   Debug_Time(4):    0.059 # [msec]
-
   Version      : 1.7
   Ways         : 16
   Words        : 2
   Feedback     : 0
   WordBits     : 32
   IndexBits    : 32
   Sort Order   : 0
   Sign Compare : 0
   Max Size     : 268435455
   Debug Enable : 1
   size         : 15000
   average_time :    0.433 # [msec]
   throughput   :   34.650 # [mwords/sec]
   Debug_Time(0):    0.611 # [msec]
   Debug_Time(1):    0.088 # [msec]
   Debug_Time(2):    0.285 # [msec]
   Debug_Time(3):    0.155 # [msec]
   Debug_Time(4):    0.083 # [msec]
-
   Version      : 1.7
   Ways         : 16
   Words        : 2
   Feedback     : 0
   WordBits     : 32
   IndexBits    : 32
   Sort Order   : 0
   Sign Compare : 0
   Max Size     : 268435455
   Debug Enable : 1
   size         : 20000
   average_time :    0.502 # [msec]
   throughput   :   39.834 # [mwords/sec]
   Debug_Time(0):    0.808 # [msec]
   Debug_Time(1):    0.116 # [msec]
   Debug_Time(2):    0.385 # [msec]
   Debug_Time(3):    0.195 # [msec]
   Debug_Time(4):    0.111 # [msec]
-
   Version      : 1.7
   Ways         : 16
   Words        : 2
   Feedback     : 0
   WordBits     : 32
   IndexBits    : 32
   Sort Order   : 0
   Sign Compare : 0
   Max Size     : 268435455
   Debug Enable : 1
   size         : 25000
   average_time :    0.593 # [msec]
   throughput   :   42.142 # [mwords/sec]
   Debug_Time(0):    1.008 # [msec]
   Debug_Time(1):    0.144 # [msec]
   Debug_Time(2):    0.479 # [msec]
   Debug_Time(3):    0.248 # [msec]
   Debug_Time(4):    0.137 # [msec]
-
   Version      : 1.7
   Ways         : 16
   Words        : 2
   Feedback     : 0
   WordBits     : 32
   IndexBits    : 32
   Sort Order   : 0
   Sign Compare : 0
   Max Size     : 268435455
   Debug Enable : 1
   size         : 30000
   average_time :    0.668 # [msec]
   throughput   :   44.913 # [mwords/sec]
   Debug_Time(0):    1.201 # [msec]
   Debug_Time(1):    0.172 # [msec]
   Debug_Time(2):    0.575 # [msec]
   Debug_Time(3):    0.289 # [msec]
   Debug_Time(4):    0.164 # [msec]
-
   Version      : 1.7
   Ways         : 16
   Words        : 2
   Feedback     : 0
   WordBits     : 32
   IndexBits    : 32
   Sort Order   : 0
   Sign Compare : 0
   Max Size     : 268435455
   Debug Enable : 1
   size         : 35000
   average_time :    0.748 # [msec]
   throughput   :   46.780 # [mwords/sec]
   Debug_Time(0):    1.399 # [msec]
   Debug_Time(1):    0.200 # [msec]
   Debug_Time(2):    0.674 # [msec]
   Debug_Time(3):    0.333 # [msec]
   Debug_Time(4):    0.192 # [msec]
-
   Version      : 1.7
   Ways         : 16
   Words        : 2
   Feedback     : 0
   WordBits     : 32
   IndexBits    : 32
   Sort Order   : 0
   Sign Compare : 0
   Max Size     : 268435455
   Debug Enable : 1
   size         : 40000
   average_time :    0.825 # [msec]
   throughput   :   48.485 # [mwords/sec]
   Debug_Time(0):    1.600 # [msec]
   Debug_Time(1):    0.229 # [msec]
   Debug_Time(2):    0.763 # [msec]
   Debug_Time(3):    0.391 # [msec]
   Debug_Time(4):    0.218 # [msec]
-
   Version      : 1.7
   Ways         : 16
   Words        : 2
   Feedback     : 0
   WordBits     : 32
   IndexBits    : 32
   Sort Order   : 0
   Sign Compare : 0
   Max Size     : 268435455
   Debug Enable : 1
   size         : 45000
   average_time :    0.946 # [msec]
   throughput   :   47.545 # [mwords/sec]
   Debug_Time(0):    1.795 # [msec]
   Debug_Time(1):    0.257 # [msec]
   Debug_Time(2):    0.861 # [msec]
   Debug_Time(3):    0.429 # [msec]
   Debug_Time(4):    0.248 # [msec]
-
   Version      : 1.7
   Ways         : 16
   Words        : 2
   Feedback     : 0
   WordBits     : 32
   IndexBits    : 32
   Sort Order   : 0
   Sign Compare : 0
   Max Size     : 268435455
   Debug Enable : 1
   size         : 50000
   average_time :    1.016 # [msec]
   throughput   :   49.210 # [mwords/sec]
   Debug_Time(0):    1.993 # [msec]
   Debug_Time(1):    0.285 # [msec]
   Debug_Time(2):    0.954 # [msec]
   Debug_Time(3):    0.479 # [msec]
   Debug_Time(4):    0.275 # [msec]
-
   Version      : 1.7
   Ways         : 16
   Words        : 2
   Feedback     : 0
   WordBits     : 32
   IndexBits    : 32
   Sort Order   : 0
   Sign Compare : 0
   Max Size     : 268435455
   Debug Enable : 1
   size         : 55000
   average_time :    1.101 # [msec]
   throughput   :   49.964 # [mwords/sec]
   Debug_Time(0):    2.192 # [msec]
   Debug_Time(1):    0.316 # [msec]
   Debug_Time(2):    1.048 # [msec]
   Debug_Time(3):    0.528 # [msec]
   Debug_Time(4):    0.300 # [msec]
-
   Version      : 1.7
   Ways         : 16
   Words        : 2
   Feedback     : 0
   WordBits     : 32
   IndexBits    : 32
   Sort Order   : 0
   Sign Compare : 0
   Max Size     : 268435455
   Debug Enable : 1
   size         : 60000
   average_time :    1.169 # [msec]
   throughput   :   51.336 # [mwords/sec]
   Debug_Time(0):    2.379 # [msec]
   Debug_Time(1):    0.341 # [msec]
   Debug_Time(2):    1.146 # [msec]
   Debug_Time(3):    0.564 # [msec]
   Debug_Time(4):    0.328 # [msec]
-
   Version      : 1.7
   Ways         : 16
   Words        : 2
   Feedback     : 0
   WordBits     : 32
   IndexBits    : 32
   Sort Order   : 0
   Sign Compare : 0
   Max Size     : 268435455
   Debug Enable : 1
   size         : 65000
   average_time :    1.254 # [msec]
   throughput   :   51.852 # [mwords/sec]
   Debug_Time(0):    2.602 # [msec]
   Debug_Time(1):    0.374 # [msec]
   Debug_Time(2):    1.249 # [msec]
   Debug_Time(3):    0.624 # [msec]
   Debug_Time(4):    0.355 # [msec]
-
   Version      : 1.7
   Ways         : 16
   Words        : 2
   Feedback     : 0
   WordBits     : 32
   IndexBits    : 32
   Sort Order   : 0
   Sign Compare : 0
   Max Size     : 268435455
   Debug Enable : 1
   size         : 70000
   average_time :    1.373 # [msec]
   throughput   :   50.971 # [mwords/sec]
   Debug_Time(0):    2.874 # [msec]
   Debug_Time(1):    0.480 # [msec]
   Debug_Time(2):    1.344 # [msec]
   Debug_Time(3):    0.666 # [msec]
   Debug_Time(4):    0.384 # [msec]
-
   Version      : 1.7
   Ways         : 16
   Words        : 2
   Feedback     : 0
   WordBits     : 32
   IndexBits    : 32
   Sort Order   : 0
   Sign Compare : 0
   Max Size     : 268435455
   Debug Enable : 1
   size         : 75000
   average_time :    1.529 # [msec]
   throughput   :   49.049 # [mwords/sec]
   Debug_Time(0):    3.226 # [msec]
   Debug_Time(1):    0.664 # [msec]
   Debug_Time(2):    1.439 # [msec]
   Debug_Time(3):    0.710 # [msec]
   Debug_Time(4):    0.413 # [msec]
-
   Version      : 1.7
   Ways         : 16
   Words        : 2
   Feedback     : 0
   WordBits     : 32
   IndexBits    : 32
   Sort Order   : 0
   Sign Compare : 0
   Max Size     : 268435455
   Debug Enable : 1
   size         : 80000
   average_time :    1.616 # [msec]
   throughput   :   49.498 # [mwords/sec]
   Debug_Time(0):    3.493 # [msec]
   Debug_Time(1):    0.749 # [msec]
   Debug_Time(2):    1.540 # [msec]
   Debug_Time(3):    0.764 # [msec]
   Debug_Time(4):    0.441 # [msec]
-
   Version      : 1.7
   Ways         : 16
   Words        : 2
   Feedback     : 0
   WordBits     : 32
   IndexBits    : 32
   Sort Order   : 0
   Sign Compare : 0
   Max Size     : 268435455
   Debug Enable : 1
   size         : 85000
   average_time :    1.798 # [msec]
   throughput   :   47.268 # [mwords/sec]
   Debug_Time(0):    3.894 # [msec]
   Debug_Time(1):    0.989 # [msec]
   Debug_Time(2):    1.636 # [msec]
   Debug_Time(3):    0.797 # [msec]
   Debug_Time(4):    0.472 # [msec]
-
   Version      : 1.7
   Ways         : 16
   Words        : 2
   Feedback     : 0
   WordBits     : 32
   IndexBits    : 32
   Sort Order   : 0
   Sign Compare : 0
   Max Size     : 268435455
   Debug Enable : 1
   size         : 90000
   average_time :    1.948 # [msec]
   throughput   :   46.200 # [mwords/sec]
   Debug_Time(0):    4.302 # [msec]
   Debug_Time(1):    1.196 # [msec]
   Debug_Time(2):    1.734 # [msec]
   Debug_Time(3):    0.858 # [msec]
   Debug_Time(4):    0.515 # [msec]
-
   Version      : 1.7
   Ways         : 16
   Words        : 2
   Feedback     : 0
   WordBits     : 32
   IndexBits    : 32
   Sort Order   : 0
   Sign Compare : 0
   Max Size     : 268435455
   Debug Enable : 1
   size         : 95000
   average_time :    2.074 # [msec]
   throughput   :   45.808 # [mwords/sec]
   Debug_Time(0):    4.661 # [msec]
   Debug_Time(1):    1.368 # [msec]
   Debug_Time(2):    1.840 # [msec]
   Debug_Time(3):    0.895 # [msec]
   Debug_Time(4):    0.558 # [msec]
-
   Version      : 1.7
   Ways         : 16
   Words        : 2
   Feedback     : 0
   WordBits     : 32
   IndexBits    : 32
   Sort Order   : 0
   Sign Compare : 0
   Max Size     : 268435455
   Debug Enable : 1
   size         : 100000
   average_time :    2.203 # [msec]
   throughput   :   45.388 # [mwords/sec]
   Debug_Time(0):    5.003 # [msec]
   Debug_Time(1):    1.538 # [msec]
   Debug_Time(2):    1.946 # [msec]
   Debug_Time(3):    0.939 # [msec]
   Debug_Time(4):    0.580 # [msec]
-
   Version      : 1.7
   Ways         : 16
   Words        : 2
   Feedback     : 0
   WordBits     : 32
   IndexBits    : 32
   Sort Order   : 0
   Sign Compare : 0
   Max Size     : 268435455
   Debug Enable : 1
   size         : 105000
   average_time :    2.389 # [msec]
   throughput   :   43.948 # [mwords/sec]
   Debug_Time(0):    5.356 # [msec]
   Debug_Time(1):    1.744 # [msec]
   Debug_Time(2):    2.008 # [msec]
   Debug_Time(3):    1.001 # [msec]
   Debug_Time(4):    0.604 # [msec]
-
   Version      : 1.7
   Ways         : 16
   Words        : 2
   Feedback     : 0
   WordBits     : 32
   IndexBits    : 32
   Sort Order   : 0
   Sign Compare : 0
   Max Size     : 268435455
   Debug Enable : 1
   size         : 110000
   average_time :    2.541 # [msec]
   throughput   :   43.284 # [mwords/sec]
   Debug_Time(0):    5.755 # [msec]
   Debug_Time(1):    1.990 # [msec]
   Debug_Time(2):    2.085 # [msec]
   Debug_Time(3):    1.030 # [msec]
   Debug_Time(4):    0.651 # [msec]
-
   Version      : 1.7
   Ways         : 16
   Words        : 2
   Feedback     : 0
   WordBits     : 32
   IndexBits    : 32
   Sort Order   : 0
   Sign Compare : 0
   Max Size     : 268435455
   Debug Enable : 1
   size         : 115000
   average_time :    2.657 # [msec]
   throughput   :   43.276 # [mwords/sec]
   Debug_Time(0):    6.089 # [msec]
   Debug_Time(1):    2.131 # [msec]
   Debug_Time(2):    2.181 # [msec]
   Debug_Time(3):    1.085 # [msec]
   Debug_Time(4):    0.690 # [msec]
-
   Version      : 1.7
   Ways         : 16
   Words        : 2
   Feedback     : 0
   WordBits     : 32
   IndexBits    : 32
   Sort Order   : 0
   Sign Compare : 0
   Max Size     : 268435455
   Debug Enable : 1
   size         : 120000
   average_time :    2.805 # [msec]
   throughput   :   42.782 # [mwords/sec]
   Debug_Time(0):    6.508 # [msec]
   Debug_Time(1):    2.258 # [msec]
   Debug_Time(2):    2.325 # [msec]
   Debug_Time(3):    1.142 # [msec]
   Debug_Time(4):    0.782 # [msec]
-
   Version      : 1.7
   Ways         : 16
   Words        : 2
   Feedback     : 0
   WordBits     : 32
   IndexBits    : 32
   Sort Order   : 0
   Sign Compare : 0
   Max Size     : 268435455
   Debug Enable : 1
   size         : 125000
   average_time :    2.950 # [msec]
   throughput   :   42.369 # [mwords/sec]
   Debug_Time(0):    7.119 # [msec]
   Debug_Time(1):    2.650 # [msec]
   Debug_Time(2):    2.469 # [msec]
   Debug_Time(3):    1.181 # [msec]
   Debug_Time(4):    0.819 # [msec]
-
   Version      : 1.7
   Ways         : 16
   Words        : 2
   Feedback     : 0
   WordBits     : 32
   IndexBits    : 32
   Sort Order   : 0
   Sign Compare : 0
   Max Size     : 268435455
   Debug Enable : 1
   size         : 130000
   average_time :    3.131 # [msec]
   throughput   :   41.516 # [mwords/sec]
   Debug_Time(0):    7.440 # [msec]
   Debug_Time(1):    2.812 # [msec]
   Debug_Time(2):    2.543 # [msec]
   Debug_Time(3):    1.236 # [msec]
   Debug_Time(4):    0.848 # [msec]
-
   Version      : 1.7
   Ways         : 16
   Words        : 2
   Feedback     : 0
   WordBits     : 32
   IndexBits    : 32
   Sort Order   : 0
   Sign Compare : 0
   Max Size     : 268435455
   Debug Enable : 1
   size         : 135000
   average_time :    3.533 # [msec]
   throughput   :   38.213 # [mwords/sec]
   Debug_Time(0):    8.339 # [msec]
   Debug_Time(1):    2.915 # [msec]
   Debug_Time(2):    2.556 # [msec]
   Debug_Time(3):    1.258 # [msec]
   Debug_Time(4):    0.762 # [msec]
   Debug_Time(5):    0.848 # [msec]
-
   Version      : 1.7
   Ways         : 16
   Words        : 2
   Feedback     : 0
   WordBits     : 32
   IndexBits    : 32
   Sort Order   : 0
   Sign Compare : 0
   Max Size     : 268435455
   Debug Enable : 1
   size         : 140000
   average_time :    3.686 # [msec]
   throughput   :   37.982 # [mwords/sec]
   Debug_Time(0):    8.600 # [msec]
   Debug_Time(1):    2.980 # [msec]
   Debug_Time(2):    2.641 # [msec]
   Debug_Time(3):    1.315 # [msec]
   Debug_Time(4):    0.789 # [msec]
   Debug_Time(5):    0.876 # [msec]
-
   Version      : 1.7
   Ways         : 16
   Words        : 2
   Feedback     : 0
   WordBits     : 32
   IndexBits    : 32
   Sort Order   : 0
   Sign Compare : 0
   Max Size     : 268435455
   Debug Enable : 1
   size         : 145000
   average_time :    3.818 # [msec]
   throughput   :   37.980 # [mwords/sec]
   Debug_Time(0):    8.971 # [msec]
   Debug_Time(1):    3.082 # [msec]
   Debug_Time(2):    2.743 # [msec]
   Debug_Time(3):    1.357 # [msec]
   Debug_Time(4):    0.816 # [msec]
   Debug_Time(5):    0.974 # [msec]
-
   Version      : 1.7
   Ways         : 16
   Words        : 2
   Feedback     : 0
   WordBits     : 32
   IndexBits    : 32
   Sort Order   : 0
   Sign Compare : 0
   Max Size     : 268435455
   Debug Enable : 1
   size         : 150000
   average_time :    3.951 # [msec]
   throughput   :   37.970 # [mwords/sec]
   Debug_Time(0):    9.241 # [msec]
   Debug_Time(1):    3.221 # [msec]
   Debug_Time(2):    2.842 # [msec]
   Debug_Time(3):    1.402 # [msec]
   Debug_Time(4):    0.846 # [msec]
   Debug_Time(5):    0.931 # [msec]
-
   Version      : 1.7
   Ways         : 16
   Words        : 2
   Feedback     : 0
   WordBits     : 32
   IndexBits    : 32
   Sort Order   : 0
   Sign Compare : 0
   Max Size     : 268435455
   Debug Enable : 1
   size         : 155000
   average_time :    4.082 # [msec]
   throughput   :   37.969 # [mwords/sec]
   Debug_Time(0):    9.534 # [msec]
   Debug_Time(1):    3.336 # [msec]
   Debug_Time(2):    2.931 # [msec]
   Debug_Time(3):    1.455 # [msec]
   Debug_Time(4):    0.870 # [msec]
   Debug_Time(5):    0.942 # [msec]
-
   Version      : 1.7
   Ways         : 16
   Words        : 2
   Feedback     : 0
   WordBits     : 32
   IndexBits    : 32
   Sort Order   : 0
   Sign Compare : 0
   Max Size     : 268435455
   Debug Enable : 1
   size         : 160000
   average_time :    4.213 # [msec]
   throughput   :   37.977 # [mwords/sec]
   Debug_Time(0):    9.615 # [msec]
   Debug_Time(1):    3.227 # [msec]
   Debug_Time(2):    3.028 # [msec]
   Debug_Time(3):    1.495 # [msec]
   Debug_Time(4):    0.896 # [msec]
   Debug_Time(5):    0.969 # [msec]
-
   Version      : 1.7
   Ways         : 16
   Words        : 2
   Feedback     : 0
   WordBits     : 32
   IndexBits    : 32
   Sort Order   : 0
   Sign Compare : 0
   Max Size     : 268435455
   Debug Enable : 1
   size         : 165000
   average_time :    4.326 # [msec]
   throughput   :   38.137 # [mwords/sec]
   Debug_Time(0):   10.043 # [msec]
   Debug_Time(1):    3.455 # [msec]
   Debug_Time(2):    3.117 # [msec]
   Debug_Time(3):    1.542 # [msec]
   Debug_Time(4):    0.928 # [msec]
   Debug_Time(5):    1.002 # [msec]
-
   Version      : 1.7
   Ways         : 16
   Words        : 2
   Feedback     : 0
   WordBits     : 32
   IndexBits    : 32
   Sort Order   : 0
   Sign Compare : 0
   Max Size     : 268435455
   Debug Enable : 1
   size         : 170000
   average_time :    4.498 # [msec]
   throughput   :   37.793 # [mwords/sec]
   Debug_Time(0):   10.438 # [msec]
   Debug_Time(1):    3.630 # [msec]
   Debug_Time(2):    3.213 # [msec]
   Debug_Time(3):    1.592 # [msec]
   Debug_Time(4):    0.954 # [msec]
   Debug_Time(5):    1.049 # [msec]
-
   Version      : 1.7
   Ways         : 16
   Words        : 2
   Feedback     : 0
   WordBits     : 32
   IndexBits    : 32
   Sort Order   : 0
   Sign Compare : 0
   Max Size     : 268435455
   Debug Enable : 1
   size         : 175000
   average_time :    4.589 # [msec]
   throughput   :   38.131 # [mwords/sec]
   Debug_Time(0):   10.761 # [msec]
   Debug_Time(1):    3.771 # [msec]
   Debug_Time(2):    3.309 # [msec]
   Debug_Time(3):    1.629 # [msec]
   Debug_Time(4):    0.984 # [msec]
   Debug_Time(5):    1.068 # [msec]
-
   Version      : 1.7
   Ways         : 16
   Words        : 2
   Feedback     : 0
   WordBits     : 32
   IndexBits    : 32
   Sort Order   : 0
   Sign Compare : 0
   Max Size     : 268435455
   Debug Enable : 1
   size         : 180000
   average_time :    4.729 # [msec]
   throughput   :   38.067 # [mwords/sec]
   Debug_Time(0):   11.180 # [msec]
   Debug_Time(1):    3.966 # [msec]
   Debug_Time(2):    3.400 # [msec]
   Debug_Time(3):    1.689 # [msec]
   Debug_Time(4):    1.010 # [msec]
   Debug_Time(5):    1.115 # [msec]
-
   Version      : 1.7
   Ways         : 16
   Words        : 2
   Feedback     : 0
   WordBits     : 32
   IndexBits    : 32
   Sort Order   : 0
   Sign Compare : 0
   Max Size     : 268435455
   Debug Enable : 1
   size         : 185000
   average_time :    4.854 # [msec]
   throughput   :   38.113 # [mwords/sec]
   Debug_Time(0):   11.404 # [msec]
   Debug_Time(1):    3.998 # [msec]
   Debug_Time(2):    3.498 # [msec]
   Debug_Time(3):    1.729 # [msec]
   Debug_Time(4):    1.040 # [msec]
   Debug_Time(5):    1.139 # [msec]
-
   Version      : 1.7
   Ways         : 16
   Words        : 2
   Feedback     : 0
   WordBits     : 32
   IndexBits    : 32
   Sort Order   : 0
   Sign Compare : 0
   Max Size     : 268435455
   Debug Enable : 1
   size         : 190000
   average_time :    4.973 # [msec]
   throughput   :   38.205 # [mwords/sec]
   Debug_Time(0):   11.680 # [msec]
   Debug_Time(1):    4.076 # [msec]
   Debug_Time(2):    3.588 # [msec]
   Debug_Time(3):    1.776 # [msec]
   Debug_Time(4):    1.068 # [msec]
   Debug_Time(5):    1.172 # [msec]
-
   Version      : 1.7
   Ways         : 16
   Words        : 2
   Feedback     : 0
   WordBits     : 32
   IndexBits    : 32
   Sort Order   : 0
   Sign Compare : 0
   Max Size     : 268435455
   Debug Enable : 1
   size         : 195000
   average_time :    5.093 # [msec]
   throughput   :   38.287 # [mwords/sec]
   Debug_Time(0):   12.029 # [msec]
   Debug_Time(1):    4.218 # [msec]
   Debug_Time(2):    3.687 # [msec]
   Debug_Time(3):    1.828 # [msec]
   Debug_Time(4):    1.096 # [msec]
   Debug_Time(5):    1.200 # [msec]
-
   Version      : 1.7
   Ways         : 16
   Words        : 2
   Feedback     : 0
   WordBits     : 32
   IndexBits    : 32
   Sort Order   : 0
   Sign Compare : 0
   Max Size     : 268435455
   Debug Enable : 1
   size         : 200000
   average_time :    5.226 # [msec]
   throughput   :   38.268 # [mwords/sec]
   Debug_Time(0):   12.355 # [msec]
   Debug_Time(1):    4.339 # [msec]
   Debug_Time(2):    3.776 # [msec]
   Debug_Time(3):    1.868 # [msec]
   Debug_Time(4):    1.130 # [msec]
   Debug_Time(5):    1.241 # [msec]
-
   Version      : 1.7
   Ways         : 16
   Words        : 2
   Feedback     : 0
   WordBits     : 32
   IndexBits    : 32
   Sort Order   : 0
   Sign Compare : 0
   Max Size     : 268435455
   Debug Enable : 1
   size         : 205000
   average_time :    5.363 # [msec]
   throughput   :   38.223 # [mwords/sec]
   Debug_Time(0):   12.770 # [msec]
   Debug_Time(1):    4.539 # [msec]
   Debug_Time(2):    3.875 # [msec]
   Debug_Time(3):    1.917 # [msec]
   Debug_Time(4):    1.160 # [msec]
   Debug_Time(5):    1.280 # [msec]
-
   Version      : 1.7
   Ways         : 16
   Words        : 2
   Feedback     : 0
   WordBits     : 32
   IndexBits    : 32
   Sort Order   : 0
   Sign Compare : 0
   Max Size     : 268435455
   Debug Enable : 1
   size         : 210000
   average_time :    5.470 # [msec]
   throughput   :   38.388 # [mwords/sec]
   Debug_Time(0):   12.951 # [msec]
   Debug_Time(1):    4.535 # [msec]
   Debug_Time(2):    3.970 # [msec]
   Debug_Time(3):    1.961 # [msec]
   Debug_Time(4):    1.185 # [msec]
   Debug_Time(5):    1.300 # [msec]
-
   Version      : 1.7
   Ways         : 16
   Words        : 2
   Feedback     : 0
   WordBits     : 32
   IndexBits    : 32
   Sort Order   : 0
   Sign Compare : 0
   Max Size     : 268435455
   Debug Enable : 1
   size         : 215000
   average_time :    5.607 # [msec]
   throughput   :   38.345 # [mwords/sec]
   Debug_Time(0):   13.371 # [msec]
   Debug_Time(1):    4.745 # [msec]
   Debug_Time(2):    4.067 # [msec]
   Debug_Time(3):    2.001 # [msec]
   Debug_Time(4):    1.215 # [msec]
   Debug_Time(5):    1.342 # [msec]
-
   Version      : 1.7
   Ways         : 16
   Words        : 2
   Feedback     : 0
   WordBits     : 32
   IndexBits    : 32
   Sort Order   : 0
   Sign Compare : 0
   Max Size     : 268435455
   Debug Enable : 1
   size         : 220000
   average_time :    5.691 # [msec]
   throughput   :   38.658 # [mwords/sec]
   Debug_Time(0):   13.457 # [msec]
   Debug_Time(1):    4.653 # [msec]
   Debug_Time(2):    4.154 # [msec]
   Debug_Time(3):    2.059 # [msec]
   Debug_Time(4):    1.237 # [msec]
   Debug_Time(5):    1.354 # [msec]
-
   Version      : 1.7
   Ways         : 16
   Words        : 2
   Feedback     : 0
   WordBits     : 32
   IndexBits    : 32
   Sort Order   : 0
   Sign Compare : 0
   Max Size     : 268435455
   Debug Enable : 1
   size         : 225000
   average_time :    5.850 # [msec]
   throughput   :   38.462 # [mwords/sec]
   Debug_Time(0):   13.919 # [msec]
   Debug_Time(1):    4.910 # [msec]
   Debug_Time(2):    4.250 # [msec]
   Debug_Time(3):    2.096 # [msec]
   Debug_Time(4):    1.272 # [msec]
   Debug_Time(5):    1.391 # [msec]
-
   Version      : 1.7
   Ways         : 16
   Words        : 2
   Feedback     : 0
   WordBits     : 32
   IndexBits    : 32
   Sort Order   : 0
   Sign Compare : 0
   Max Size     : 268435455
   Debug Enable : 1
   size         : 230000
   average_time :    5.980 # [msec]
   throughput   :   38.464 # [mwords/sec]
   Debug_Time(0):   14.309 # [msec]
   Debug_Time(1):    5.077 # [msec]
   Debug_Time(2):    4.347 # [msec]
   Debug_Time(3):    2.155 # [msec]
   Debug_Time(4):    1.297 # [msec]
   Debug_Time(5):    1.432 # [msec]
-
   Version      : 1.7
   Ways         : 16
   Words        : 2
   Feedback     : 0
   WordBits     : 32
   IndexBits    : 32
   Sort Order   : 0
   Sign Compare : 0
   Max Size     : 268435455
   Debug Enable : 1
   size         : 235000
   average_time :    6.095 # [msec]
   throughput   :   38.555 # [mwords/sec]
   Debug_Time(0):   14.597 # [msec]
   Debug_Time(1):    5.155 # [msec]
   Debug_Time(2):    4.445 # [msec]
   Debug_Time(3):    2.199 # [msec]
   Debug_Time(4):    1.324 # [msec]
   Debug_Time(5):    1.475 # [msec]
-
   Version      : 1.7
   Ways         : 16
   Words        : 2
   Feedback     : 0
   WordBits     : 32
   IndexBits    : 32
   Sort Order   : 0
   Sign Compare : 0
   Max Size     : 268435455
   Debug Enable : 1
   size         : 240000
   average_time :    6.222 # [msec]
   throughput   :   38.574 # [mwords/sec]
   Debug_Time(0):   14.791 # [msec]
   Debug_Time(1):    5.161 # [msec]
   Debug_Time(2):    4.540 # [msec]
   Debug_Time(3):    2.234 # [msec]
   Debug_Time(4):    1.352 # [msec]
   Debug_Time(5):    1.504 # [msec]
-
   Version      : 1.7
   Ways         : 16
   Words        : 2
   Feedback     : 0
   WordBits     : 32
   IndexBits    : 32
   Sort Order   : 0
   Sign Compare : 0
   Max Size     : 268435455
   Debug Enable : 1
   size         : 245000
   average_time :    6.348 # [msec]
   throughput   :   38.598 # [mwords/sec]
   Debug_Time(0):   15.025 # [msec]
   Debug_Time(1):    5.195 # [msec]
   Debug_Time(2):    4.632 # [msec]
   Debug_Time(3):    2.292 # [msec]
   Debug_Time(4):    1.382 # [msec]
   Debug_Time(5):    1.524 # [msec]
-
   Version      : 1.7
   Ways         : 16
   Words        : 2
   Feedback     : 0
   WordBits     : 32
   IndexBits    : 32
   Sort Order   : 0
   Sign Compare : 0
   Max Size     : 268435455
   Debug Enable : 1
   size         : 250000
   average_time :    6.468 # [msec]
   throughput   :   38.653 # [mwords/sec]
   Debug_Time(0):   15.558 # [msec]
   Debug_Time(1):    5.502 # [msec]
   Debug_Time(2):    4.730 # [msec]
   Debug_Time(3):    2.337 # [msec]
   Debug_Time(4):    1.413 # [msec]
   Debug_Time(5):    1.576 # [msec]
-
   Version      : 1.7
   Ways         : 16
   Words        : 2
   Feedback     : 0
   WordBits     : 32
   IndexBits    : 32
   Sort Order   : 0
   Sign Compare : 0
   Max Size     : 268435455
   Debug Enable : 1
   size         : 255000
   average_time :    6.577 # [msec]
   throughput   :   38.769 # [mwords/sec]
   Debug_Time(0):   15.789 # [msec]
   Debug_Time(1):    5.543 # [msec]
   Debug_Time(2):    4.826 # [msec]
   Debug_Time(3):    2.379 # [msec]
   Debug_Time(4):    1.441 # [msec]
   Debug_Time(5):    1.601 # [msec]
-
   Version      : 1.7
   Ways         : 16
   Words        : 2
   Feedback     : 0
   WordBits     : 32
   IndexBits    : 32
   Sort Order   : 0
   Sign Compare : 0
   Max Size     : 268435455
   Debug Enable : 1
   size         : 260000
   average_time :    6.707 # [msec]
   throughput   :   38.768 # [mwords/sec]
   Debug_Time(0):   16.018 # [msec]
   Debug_Time(1):    5.568 # [msec]
   Debug_Time(2):    4.917 # [msec]
   Debug_Time(3):    2.427 # [msec]
   Debug_Time(4):    1.467 # [msec]
   Debug_Time(5):    1.639 # [msec]
-
   Version      : 1.7
   Ways         : 16
   Words        : 2
   Feedback     : 0
   WordBits     : 32
   IndexBits    : 32
   Sort Order   : 0
   Sign Compare : 0
   Max Size     : 268435455
   Debug Enable : 1
   size         : 265000
   average_time :    6.820 # [msec]
   throughput   :   38.854 # [mwords/sec]
   Debug_Time(0):   16.360 # [msec]
   Debug_Time(1):    5.723 # [msec]
   Debug_Time(2):    5.005 # [msec]
   Debug_Time(3):    2.465 # [msec]
   Debug_Time(4):    1.494 # [msec]
   Debug_Time(5):    1.673 # [msec]
-
   Version      : 1.7
   Ways         : 16
   Words        : 2
   Feedback     : 0
   WordBits     : 32
   IndexBits    : 32
   Sort Order   : 0
   Sign Compare : 0
   Max Size     : 268435455
   Debug Enable : 1
   size         : 270000
   average_time :    6.957 # [msec]
   throughput   :   38.808 # [mwords/sec]
   Debug_Time(0):   16.676 # [msec]
   Debug_Time(1):    5.829 # [msec]
   Debug_Time(2):    5.098 # [msec]
   Debug_Time(3):    2.519 # [msec]
   Debug_Time(4):    1.519 # [msec]
   Debug_Time(5):    1.713 # [msec]
-
   Version      : 1.7
   Ways         : 16
   Words        : 2
   Feedback     : 0
   WordBits     : 32
   IndexBits    : 32
   Sort Order   : 0
   Sign Compare : 0
   Max Size     : 268435455
   Debug Enable : 1
   size         : 275000
   average_time :    7.064 # [msec]
   throughput   :   38.927 # [mwords/sec]
   Debug_Time(0):   17.016 # [msec]
   Debug_Time(1):    5.950 # [msec]
   Debug_Time(2):    5.196 # [msec]
   Debug_Time(3):    2.572 # [msec]
   Debug_Time(4):    1.543 # [msec]
   Debug_Time(5):    1.755 # [msec]
-
   Version      : 1.7
   Ways         : 16
   Words        : 2
   Feedback     : 0
   WordBits     : 32
   IndexBits    : 32
   Sort Order   : 0
   Sign Compare : 0
   Max Size     : 268435455
   Debug Enable : 1
   size         : 280000
   average_time :    7.200 # [msec]
   throughput   :   38.888 # [mwords/sec]
   Debug_Time(0):   17.327 # [msec]
   Debug_Time(1):    6.068 # [msec]
   Debug_Time(2):    5.291 # [msec]
   Debug_Time(3):    2.614 # [msec]
   Debug_Time(4):    1.574 # [msec]
   Debug_Time(5):    1.779 # [msec]
-
   Version      : 1.7
   Ways         : 16
   Words        : 2
   Feedback     : 0
   WordBits     : 32
   IndexBits    : 32
   Sort Order   : 0
   Sign Compare : 0
   Max Size     : 268435455
   Debug Enable : 1
   size         : 285000
   average_time :    7.311 # [msec]
   throughput   :   38.984 # [mwords/sec]
   Debug_Time(0):   17.617 # [msec]
   Debug_Time(1):    6.151 # [msec]
   Debug_Time(2):    5.387 # [msec]
   Debug_Time(3):    2.666 # [msec]
   Debug_Time(4):    1.601 # [msec]
   Debug_Time(5):    1.812 # [msec]
-
   Version      : 1.7
   Ways         : 16
   Words        : 2
   Feedback     : 0
   WordBits     : 32
   IndexBits    : 32
   Sort Order   : 0
   Sign Compare : 0
   Max Size     : 268435455
   Debug Enable : 1
   size         : 290000
   average_time :    7.440 # [msec]
   throughput   :   38.979 # [mwords/sec]
   Debug_Time(0):   17.862 # [msec]
   Debug_Time(1):    6.214 # [msec]
   Debug_Time(2):    5.483 # [msec]
   Debug_Time(3):    2.696 # [msec]
   Debug_Time(4):    1.631 # [msec]
   Debug_Time(5):    1.839 # [msec]
-
   Version      : 1.7
   Ways         : 16
   Words        : 2
   Feedback     : 0
   WordBits     : 32
   IndexBits    : 32
   Sort Order   : 0
   Sign Compare : 0
   Max Size     : 268435455
   Debug Enable : 1
   size         : 295000
   average_time :    7.570 # [msec]
   throughput   :   38.970 # [mwords/sec]
   Debug_Time(0):   18.173 # [msec]
   Debug_Time(1):    6.321 # [msec]
   Debug_Time(2):    5.572 # [msec]
   Debug_Time(3):    2.756 # [msec]
   Debug_Time(4):    1.653 # [msec]
   Debug_Time(5):    1.871 # [msec]
-
   Version      : 1.7
   Ways         : 16
   Words        : 2
   Feedback     : 0
   WordBits     : 32
   IndexBits    : 32
   Sort Order   : 0
   Sign Compare : 0
   Max Size     : 268435455
   Debug Enable : 1
   size         : 300000
   average_time :    7.696 # [msec]
   throughput   :   38.979 # [mwords/sec]
   Debug_Time(0):   18.574 # [msec]
   Debug_Time(1):    6.523 # [msec]
   Debug_Time(2):    5.672 # [msec]
   Debug_Time(3):    2.793 # [msec]
   Debug_Time(4):    1.681 # [msec]
   Debug_Time(5):    1.905 # [msec]
-
   Version      : 1.7
   Ways         : 16
   Words        : 2
   Feedback     : 0
   WordBits     : 32
   IndexBits    : 32
   Sort Order   : 0
   Sign Compare : 0
   Max Size     : 268435455
   Debug Enable : 1
   size         : 305000
   average_time :    7.796 # [msec]
   throughput   :   39.122 # [mwords/sec]
   Debug_Time(0):   18.784 # [msec]
   Debug_Time(1):    6.515 # [msec]
   Debug_Time(2):    5.768 # [msec]
   Debug_Time(3):    2.847 # [msec]
   Debug_Time(4):    1.713 # [msec]
   Debug_Time(5):    1.942 # [msec]
-
   Version      : 1.7
   Ways         : 16
   Words        : 2
   Feedback     : 0
   WordBits     : 32
   IndexBits    : 32
   Sort Order   : 0
   Sign Compare : 0
   Max Size     : 268435455
   Debug Enable : 1
   size         : 310000
   average_time :    7.927 # [msec]
   throughput   :   39.109 # [mwords/sec]
   Debug_Time(0):   19.076 # [msec]
   Debug_Time(1):    6.606 # [msec]
   Debug_Time(2):    5.855 # [msec]
   Debug_Time(3):    2.896 # [msec]
   Debug_Time(4):    1.741 # [msec]
   Debug_Time(5):    1.979 # [msec]
-
   Version      : 1.7
   Ways         : 16
   Words        : 2
   Feedback     : 0
   WordBits     : 32
   IndexBits    : 32
   Sort Order   : 0
   Sign Compare : 0
   Max Size     : 268435455
   Debug Enable : 1
   size         : 315000
   average_time :    8.042 # [msec]
   throughput   :   39.171 # [mwords/sec]
   Debug_Time(0):   19.271 # [msec]
   Debug_Time(1):    6.601 # [msec]
   Debug_Time(2):    5.952 # [msec]
   Debug_Time(3):    2.933 # [msec]
   Debug_Time(4):    1.772 # [msec]
   Debug_Time(5):    2.013 # [msec]
-
   Version      : 1.7
   Ways         : 16
   Words        : 2
   Feedback     : 0
   WordBits     : 32
   IndexBits    : 32
   Sort Order   : 0
   Sign Compare : 0
   Max Size     : 268435455
   Debug Enable : 1
   size         : 320000
   average_time :    8.169 # [msec]
   throughput   :   39.175 # [mwords/sec]
   Debug_Time(0):   19.738 # [msec]
   Debug_Time(1):    6.861 # [msec]
   Debug_Time(2):    6.048 # [msec]
   Debug_Time(3):    2.985 # [msec]
   Debug_Time(4):    1.805 # [msec]
   Debug_Time(5):    2.039 # [msec]
-
   Version      : 1.7
   Ways         : 16
   Words        : 2
   Feedback     : 0
   WordBits     : 32
   IndexBits    : 32
   Sort Order   : 0
   Sign Compare : 0
   Max Size     : 268435455
   Debug Enable : 1
   size         : 325000
   average_time :    8.284 # [msec]
   throughput   :   39.234 # [mwords/sec]
   Debug_Time(0):   20.004 # [msec]
   Debug_Time(1):    6.979 # [msec]
   Debug_Time(2):    6.146 # [msec]
   Debug_Time(3):    3.025 # [msec]
   Debug_Time(4):    1.833 # [msec]
   Debug_Time(5):    2.021 # [msec]
-
   Version      : 1.7
   Ways         : 16
   Words        : 2
   Feedback     : 0
   WordBits     : 32
   IndexBits    : 32
   Sort Order   : 0
   Sign Compare : 0
   Max Size     : 268435455
   Debug Enable : 1
   size         : 330000
   average_time :    8.413 # [msec]
   throughput   :   39.224 # [mwords/sec]
   Debug_Time(0):   20.351 # [msec]
   Debug_Time(1):    7.028 # [msec]
   Debug_Time(2):    6.283 # [msec]
   Debug_Time(3):    3.109 # [msec]
   Debug_Time(4):    1.856 # [msec]
   Debug_Time(5):    2.075 # [msec]
-
   Version      : 1.7
   Ways         : 16
   Words        : 2
   Feedback     : 0
   WordBits     : 32
   IndexBits    : 32
   Sort Order   : 0
   Sign Compare : 0
   Max Size     : 268435455
   Debug Enable : 1
   size         : 335000
   average_time :    8.557 # [msec]
   throughput   :   39.150 # [mwords/sec]
   Debug_Time(0):   20.718 # [msec]
   Debug_Time(1):    7.128 # [msec]
   Debug_Time(2):    6.450 # [msec]
   Debug_Time(3):    3.135 # [msec]
   Debug_Time(4):    1.882 # [msec]
   Debug_Time(5):    2.123 # [msec]
-
   Version      : 1.7
   Ways         : 16
   Words        : 2
   Feedback     : 0
   WordBits     : 32
   IndexBits    : 32
   Sort Order   : 0
   Sign Compare : 0
   Max Size     : 268435455
   Debug Enable : 1
   size         : 340000
   average_time :    8.666 # [msec]
   throughput   :   39.234 # [mwords/sec]
   Debug_Time(0):   20.948 # [msec]
   Debug_Time(1):    7.134 # [msec]
   Debug_Time(2):    6.553 # [msec]
   Debug_Time(3):    3.169 # [msec]
   Debug_Time(4):    1.914 # [msec]
   Debug_Time(5):    2.178 # [msec]
-
   Version      : 1.7
   Ways         : 16
   Words        : 2
   Feedback     : 0
   WordBits     : 32
   IndexBits    : 32
   Sort Order   : 0
   Sign Compare : 0
   Max Size     : 268435455
   Debug Enable : 1
   size         : 345000
   average_time :    8.779 # [msec]
   throughput   :   39.296 # [mwords/sec]
   Debug_Time(0):   21.341 # [msec]
   Debug_Time(1):    7.419 # [msec]
   Debug_Time(2):    6.545 # [msec]
   Debug_Time(3):    3.234 # [msec]
   Debug_Time(4):    1.945 # [msec]
   Debug_Time(5):    2.197 # [msec]
-
   Version      : 1.7
   Ways         : 16
   Words        : 2
   Feedback     : 0
   WordBits     : 32
   IndexBits    : 32
   Sort Order   : 0
   Sign Compare : 0
   Max Size     : 268435455
   Debug Enable : 1
   size         : 350000
   average_time :    8.941 # [msec]
   throughput   :   39.144 # [mwords/sec]
   Debug_Time(0):   21.744 # [msec]
   Debug_Time(1):    7.599 # [msec]
   Debug_Time(2):    6.664 # [msec]
   Debug_Time(3):    3.269 # [msec]
   Debug_Time(4):    1.972 # [msec]
   Debug_Time(5):    2.240 # [msec]
-
   Version      : 1.7
   Ways         : 16
   Words        : 2
   Feedback     : 0
   WordBits     : 32
   IndexBits    : 32
   Sort Order   : 0
   Sign Compare : 0
   Max Size     : 268435455
   Debug Enable : 1
   size         : 355000
   average_time :    9.028 # [msec]
   throughput   :   39.322 # [mwords/sec]
   Debug_Time(0):   21.610 # [msec]
   Debug_Time(1):    7.253 # [msec]
   Debug_Time(2):    6.779 # [msec]
   Debug_Time(3):    3.322 # [msec]
   Debug_Time(4):    2.001 # [msec]
   Debug_Time(5):    2.255 # [msec]
-
   Version      : 1.7
   Ways         : 16
   Words        : 2
   Feedback     : 0
   WordBits     : 32
   IndexBits    : 32
   Sort Order   : 0
   Sign Compare : 0
   Max Size     : 268435455
   Debug Enable : 1
   size         : 360000
   average_time :    9.143 # [msec]
   throughput   :   39.375 # [mwords/sec]
   Debug_Time(0):   21.975 # [msec]
   Debug_Time(1):    7.397 # [msec]
   Debug_Time(2):    6.895 # [msec]
   Debug_Time(3):    3.371 # [msec]
   Debug_Time(4):    2.030 # [msec]
   Debug_Time(5):    2.282 # [msec]
-
   Version      : 1.7
   Ways         : 16
   Words        : 2
   Feedback     : 0
   WordBits     : 32
   IndexBits    : 32
   Sort Order   : 0
   Sign Compare : 0
   Max Size     : 268435455
   Debug Enable : 1
   size         : 365000
   average_time :    9.271 # [msec]
   throughput   :   39.370 # [mwords/sec]
   Debug_Time(0):   22.450 # [msec]
   Debug_Time(1):    7.698 # [msec]
   Debug_Time(2):    6.964 # [msec]
   Debug_Time(3):    3.418 # [msec]
   Debug_Time(4):    2.055 # [msec]
   Debug_Time(5):    2.315 # [msec]
-
   Version      : 1.7
   Ways         : 16
   Words        : 2
   Feedback     : 0
   WordBits     : 32
   IndexBits    : 32
   Sort Order   : 0
   Sign Compare : 0
   Max Size     : 268435455
   Debug Enable : 1
   size         : 370000
   average_time :    9.374 # [msec]
   throughput   :   39.470 # [mwords/sec]
   Debug_Time(0):   22.661 # [msec]
   Debug_Time(1):    7.709 # [msec]
   Debug_Time(2):    7.053 # [msec]
   Debug_Time(3):    3.467 # [msec]
   Debug_Time(4):    2.084 # [msec]
   Debug_Time(5):    2.348 # [msec]
-
   Version      : 1.7
   Ways         : 16
   Words        : 2
   Feedback     : 0
   WordBits     : 32
   IndexBits    : 32
   Sort Order   : 0
   Sign Compare : 0
   Max Size     : 268435455
   Debug Enable : 1
   size         : 375000
   average_time :    9.520 # [msec]
   throughput   :   39.392 # [mwords/sec]
   Debug_Time(0):   22.986 # [msec]
   Debug_Time(1):    7.823 # [msec]
   Debug_Time(2):    7.156 # [msec]
   Debug_Time(3):    3.517 # [msec]
   Debug_Time(4):    2.110 # [msec]
   Debug_Time(5):    2.380 # [msec]
-
   Version      : 1.7
   Ways         : 16
   Words        : 2
   Feedback     : 0
   WordBits     : 32
   IndexBits    : 32
   Sort Order   : 0
   Sign Compare : 0
   Max Size     : 268435455
   Debug Enable : 1
   size         : 380000
   average_time :    9.631 # [msec]
   throughput   :   39.456 # [mwords/sec]
   Debug_Time(0):   23.226 # [msec]
   Debug_Time(1):    7.900 # [msec]
   Debug_Time(2):    7.222 # [msec]
   Debug_Time(3):    3.552 # [msec]
   Debug_Time(4):    2.140 # [msec]
   Debug_Time(5):    2.411 # [msec]
-
   Version      : 1.7
   Ways         : 16
   Words        : 2
   Feedback     : 0
   WordBits     : 32
   IndexBits    : 32
   Sort Order   : 0
   Sign Compare : 0
   Max Size     : 268435455
   Debug Enable : 1
   size         : 385000
   average_time :    9.761 # [msec]
   throughput   :   39.441 # [mwords/sec]
   Debug_Time(0):   23.635 # [msec]
   Debug_Time(1):    8.084 # [msec]
   Debug_Time(2):    7.331 # [msec]
   Debug_Time(3):    3.609 # [msec]
   Debug_Time(4):    2.167 # [msec]
   Debug_Time(5):    2.443 # [msec]
-
   Version      : 1.7
   Ways         : 16
   Words        : 2
   Feedback     : 0
   WordBits     : 32
   IndexBits    : 32
   Sort Order   : 0
   Sign Compare : 0
   Max Size     : 268435455
   Debug Enable : 1
   size         : 390000
   average_time :    9.885 # [msec]
   throughput   :   39.452 # [mwords/sec]
   Debug_Time(0):   23.896 # [msec]
   Debug_Time(1):    8.149 # [msec]
   Debug_Time(2):    7.437 # [msec]
   Debug_Time(3):    3.643 # [msec]
   Debug_Time(4):    2.192 # [msec]
   Debug_Time(5):    2.475 # [msec]
-
   Version      : 1.7
   Ways         : 16
   Words        : 2
   Feedback     : 0
   WordBits     : 32
   IndexBits    : 32
   Sort Order   : 0
   Sign Compare : 0
   Max Size     : 268435455
   Debug Enable : 1
   size         : 395000
   average_time :    9.985 # [msec]
   throughput   :   39.558 # [mwords/sec]
   Debug_Time(0):   24.204 # [msec]
   Debug_Time(1):    8.264 # [msec]
   Debug_Time(2):    7.513 # [msec]
   Debug_Time(3):    3.689 # [msec]
   Debug_Time(4):    2.223 # [msec]
   Debug_Time(5):    2.514 # [msec]
-
   Version      : 1.7
   Ways         : 16
   Words        : 2
   Feedback     : 0
   WordBits     : 32
   IndexBits    : 32
   Sort Order   : 0
   Sign Compare : 0
   Max Size     : 268435455
   Debug Enable : 1
   size         : 400000
   average_time :   10.115 # [msec]
   throughput   :   39.543 # [mwords/sec]
   Debug_Time(0):   24.519 # [msec]
   Debug_Time(1):    8.359 # [msec]
   Debug_Time(2):    7.626 # [msec]
   Debug_Time(3):    3.744 # [msec]
   Debug_Time(4):    2.248 # [msec]
   Debug_Time(5):    2.542 # [msec]
-
   Version      : 1.7
   Ways         : 16
   Words        : 2
   Feedback     : 0
   WordBits     : 32
   IndexBits    : 32
   Sort Order   : 0
   Sign Compare : 0
   Max Size     : 268435455
   Debug Enable : 1
   size         : 405000
   average_time :   10.216 # [msec]
   throughput   :   39.645 # [mwords/sec]
   Debug_Time(0):   24.794 # [msec]
   Debug_Time(1):    8.448 # [msec]
   Debug_Time(2):    7.710 # [msec]
   Debug_Time(3):    3.788 # [msec]
   Debug_Time(4):    2.275 # [msec]
   Debug_Time(5):    2.574 # [msec]
-
   Version      : 1.7
   Ways         : 16
   Words        : 2
   Feedback     : 0
   WordBits     : 32
   IndexBits    : 32
   Sort Order   : 0
   Sign Compare : 0
   Max Size     : 268435455
   Debug Enable : 1
   size         : 410000
   average_time :   10.348 # [msec]
   throughput   :   39.621 # [mwords/sec]
   Debug_Time(0):   25.157 # [msec]
   Debug_Time(1):    8.575 # [msec]
   Debug_Time(2):    7.822 # [msec]
   Debug_Time(3):    3.846 # [msec]
   Debug_Time(4):    2.304 # [msec]
   Debug_Time(5):    2.611 # [msec]
-
   Version      : 1.7
   Ways         : 16
   Words        : 2
   Feedback     : 0
   WordBits     : 32
   IndexBits    : 32
   Sort Order   : 0
   Sign Compare : 0
   Max Size     : 268435455
   Debug Enable : 1
   size         : 415000
   average_time :   10.469 # [msec]
   throughput   :   39.643 # [mwords/sec]
   Debug_Time(0):   25.415 # [msec]
   Debug_Time(1):    8.648 # [msec]
   Debug_Time(2):    7.916 # [msec]
   Debug_Time(3):    3.881 # [msec]
   Debug_Time(4):    2.328 # [msec]
   Debug_Time(5):    2.643 # [msec]
-
   Version      : 1.7
   Ways         : 16
   Words        : 2
   Feedback     : 0
   WordBits     : 32
   IndexBits    : 32
   Sort Order   : 0
   Sign Compare : 0
   Max Size     : 268435455
   Debug Enable : 1
   size         : 420000
   average_time :   10.618 # [msec]
   throughput   :   39.555 # [mwords/sec]
   Debug_Time(0):   25.712 # [msec]
   Debug_Time(1):    8.767 # [msec]
   Debug_Time(2):    7.997 # [msec]
   Debug_Time(3):    3.921 # [msec]
   Debug_Time(4):    2.354 # [msec]
   Debug_Time(5):    2.673 # [msec]
-
   Version      : 1.7
   Ways         : 16
   Words        : 2
   Feedback     : 0
   WordBits     : 32
   IndexBits    : 32
   Sort Order   : 0
   Sign Compare : 0
   Max Size     : 268435455
   Debug Enable : 1
   size         : 425000
   average_time :   10.739 # [msec]
   throughput   :   39.574 # [mwords/sec]
   Debug_Time(0):   26.032 # [msec]
   Debug_Time(1):    8.891 # [msec]
   Debug_Time(2):    8.108 # [msec]
   Debug_Time(3):    3.981 # [msec]
   Debug_Time(4):    2.387 # [msec]
   Debug_Time(5):    2.666 # [msec]
-
   Version      : 1.7
   Ways         : 16
   Words        : 2
   Feedback     : 0
   WordBits     : 32
   IndexBits    : 32
   Sort Order   : 0
   Sign Compare : 0
   Max Size     : 268435455
   Debug Enable : 1
   size         : 430000
   average_time :   10.851 # [msec]
   throughput   :   39.630 # [mwords/sec]
   Debug_Time(0):   26.291 # [msec]
   Debug_Time(1):    8.984 # [msec]
   Debug_Time(2):    8.180 # [msec]
   Debug_Time(3):    4.019 # [msec]
   Debug_Time(4):    2.412 # [msec]
   Debug_Time(5):    2.695 # [msec]
-
   Version      : 1.7
   Ways         : 16
   Words        : 2
   Feedback     : 0
   WordBits     : 32
   IndexBits    : 32
   Sort Order   : 0
   Sign Compare : 0
   Max Size     : 268435455
   Debug Enable : 1
   size         : 435000
   average_time :   10.976 # [msec]
   throughput   :   39.634 # [mwords/sec]
   Debug_Time(0):   26.546 # [msec]
   Debug_Time(1):    9.035 # [msec]
   Debug_Time(2):    8.298 # [msec]
   Debug_Time(3):    4.058 # [msec]
   Debug_Time(4):    2.444 # [msec]
   Debug_Time(5):    2.710 # [msec]
-
   Version      : 1.7
   Ways         : 16
   Words        : 2
   Feedback     : 0
   WordBits     : 32
   IndexBits    : 32
   Sort Order   : 0
   Sign Compare : 0
   Max Size     : 268435455
   Debug Enable : 1
   size         : 440000
   average_time :   11.094 # [msec]
   throughput   :   39.663 # [mwords/sec]
   Debug_Time(0):   26.854 # [msec]
   Debug_Time(1):    9.153 # [msec]
   Debug_Time(2):    8.376 # [msec]
   Debug_Time(3):    4.107 # [msec]
   Debug_Time(4):    2.472 # [msec]
   Debug_Time(5):    2.746 # [msec]
-
   Version      : 1.7
   Ways         : 16
   Words        : 2
   Feedback     : 0
   WordBits     : 32
   IndexBits    : 32
   Sort Order   : 0
   Sign Compare : 0
   Max Size     : 268435455
   Debug Enable : 1
   size         : 445000
   average_time :   11.220 # [msec]
   throughput   :   39.660 # [mwords/sec]
   Debug_Time(0):   27.177 # [msec]
   Debug_Time(1):    9.242 # [msec]
   Debug_Time(2):    8.467 # [msec]
   Debug_Time(3):    4.144 # [msec]
   Debug_Time(4):    2.495 # [msec]
   Debug_Time(5):    2.829 # [msec]
-
   Version      : 1.7
   Ways         : 16
   Words        : 2
   Feedback     : 0
   WordBits     : 32
   IndexBits    : 32
   Sort Order   : 0
   Sign Compare : 0
   Max Size     : 268435455
   Debug Enable : 1
   size         : 450000
   average_time :   11.335 # [msec]
   throughput   :   39.699 # [mwords/sec]
   Debug_Time(0):   27.435 # [msec]
   Debug_Time(1):    9.318 # [msec]
   Debug_Time(2):    8.542 # [msec]
   Debug_Time(3):    4.202 # [msec]
   Debug_Time(4):    2.531 # [msec]
   Debug_Time(5):    2.841 # [msec]
-
   Version      : 1.7
   Ways         : 16
   Words        : 2
   Feedback     : 0
   WordBits     : 32
   IndexBits    : 32
   Sort Order   : 0
   Sign Compare : 0
   Max Size     : 268435455
   Debug Enable : 1
   size         : 455000
   average_time :   11.480 # [msec]
   throughput   :   39.632 # [mwords/sec]
   Debug_Time(0):   27.819 # [msec]
   Debug_Time(1):    9.405 # [msec]
   Debug_Time(2):    8.656 # [msec]
   Debug_Time(3):    4.276 # [msec]
   Debug_Time(4):    2.561 # [msec]
   Debug_Time(5):    2.921 # [msec]
-
   Version      : 1.7
   Ways         : 16
   Words        : 2
   Feedback     : 0
   WordBits     : 32
   IndexBits    : 32
   Sort Order   : 0
   Sign Compare : 0
   Max Size     : 268435455
   Debug Enable : 1
   size         : 460000
   average_time :   11.562 # [msec]
   throughput   :   39.787 # [mwords/sec]
   Debug_Time(0):   28.168 # [msec]
   Debug_Time(1):    9.470 # [msec]
   Debug_Time(2):    8.864 # [msec]
   Debug_Time(3):    4.318 # [msec]
   Debug_Time(4):    2.587 # [msec]
   Debug_Time(5):    2.929 # [msec]
-
   Version      : 1.7
   Ways         : 16
   Words        : 2
   Feedback     : 0
   WordBits     : 32
   IndexBits    : 32
   Sort Order   : 0
   Sign Compare : 0
   Max Size     : 268435455
   Debug Enable : 1
   size         : 465000
   average_time :   11.700 # [msec]
   throughput   :   39.745 # [mwords/sec]
   Debug_Time(0):   28.720 # [msec]
   Debug_Time(1):    9.658 # [msec]
   Debug_Time(2):    9.092 # [msec]
   Debug_Time(3):    4.364 # [msec]
   Debug_Time(4):    2.615 # [msec]
   Debug_Time(5):    2.992 # [msec]
-
   Version      : 1.7
   Ways         : 16
   Words        : 2
   Feedback     : 0
   WordBits     : 32
   IndexBits    : 32
   Sort Order   : 0
   Sign Compare : 0
   Max Size     : 268435455
   Debug Enable : 1
   size         : 470000
   average_time :   11.839 # [msec]
   throughput   :   39.699 # [mwords/sec]
   Debug_Time(0):   29.100 # [msec]
   Debug_Time(1):    9.827 # [msec]
   Debug_Time(2):    9.153 # [msec]
   Debug_Time(3):    4.407 # [msec]
   Debug_Time(4):    2.650 # [msec]
   Debug_Time(5):    3.063 # [msec]
-
   Version      : 1.7
   Ways         : 16
   Words        : 2
   Feedback     : 0
   WordBits     : 32
   IndexBits    : 32
   Sort Order   : 0
   Sign Compare : 0
   Max Size     : 268435455
   Debug Enable : 1
   size         : 475000
   average_time :   11.953 # [msec]
   throughput   :   39.738 # [mwords/sec]
   Debug_Time(0):   29.565 # [msec]
   Debug_Time(1):   10.127 # [msec]
   Debug_Time(2):    9.233 # [msec]
   Debug_Time(3):    4.438 # [msec]
   Debug_Time(4):    2.671 # [msec]
   Debug_Time(5):    3.096 # [msec]
-
   Version      : 1.7
   Ways         : 16
   Words        : 2
   Feedback     : 0
   WordBits     : 32
   IndexBits    : 32
   Sort Order   : 0
   Sign Compare : 0
   Max Size     : 268435455
   Debug Enable : 1
   size         : 480000
   average_time :   12.073 # [msec]
   throughput   :   39.759 # [mwords/sec]
   Debug_Time(0):   29.899 # [msec]
   Debug_Time(1):   10.304 # [msec]
   Debug_Time(2):    9.297 # [msec]
   Debug_Time(3):    4.471 # [msec]
   Debug_Time(4):    2.702 # [msec]
   Debug_Time(5):    3.125 # [msec]
-
   Version      : 1.7
   Ways         : 16
   Words        : 2
   Feedback     : 0
   WordBits     : 32
   IndexBits    : 32
   Sort Order   : 0
   Sign Compare : 0
   Max Size     : 268435455
   Debug Enable : 1
   size         : 485000
   average_time :   12.195 # [msec]
   throughput   :   39.770 # [mwords/sec]
   Debug_Time(0):   30.008 # [msec]
   Debug_Time(1):   10.234 # [msec]
   Debug_Time(2):    9.311 # [msec]
   Debug_Time(3):    4.520 # [msec]
   Debug_Time(4):    2.732 # [msec]
   Debug_Time(5):    3.212 # [msec]
-
   Version      : 1.7
   Ways         : 16
   Words        : 2
   Feedback     : 0
   WordBits     : 32
   IndexBits    : 32
   Sort Order   : 0
   Sign Compare : 0
   Max Size     : 268435455
   Debug Enable : 1
   size         : 490000
   average_time :   12.327 # [msec]
   throughput   :   39.749 # [mwords/sec]
   Debug_Time(0):   30.333 # [msec]
   Debug_Time(1):   10.500 # [msec]
   Debug_Time(2):    9.441 # [msec]
   Debug_Time(3):    4.567 # [msec]
   Debug_Time(4):    2.756 # [msec]
   Debug_Time(5):    3.068 # [msec]
-
   Version      : 1.7
   Ways         : 16
   Words        : 2
   Feedback     : 0
   WordBits     : 32
   IndexBits    : 32
   Sort Order   : 0
   Sign Compare : 0
   Max Size     : 268435455
   Debug Enable : 1
   size         : 495000
   average_time :   12.457 # [msec]
   throughput   :   39.736 # [mwords/sec]
   Debug_Time(0):   30.361 # [msec]
   Debug_Time(1):   10.336 # [msec]
   Debug_Time(2):    9.403 # [msec]
   Debug_Time(3):    4.616 # [msec]
   Debug_Time(4):    2.777 # [msec]
   Debug_Time(5):    3.230 # [msec]
-
   Version      : 1.7
   Ways         : 16
   Words        : 2
   Feedback     : 0
   WordBits     : 32
   IndexBits    : 32
   Sort Order   : 0
   Sign Compare : 0
   Max Size     : 268435455
   Debug Enable : 1
   size         : 500000
   average_time :   12.561 # [msec]
   throughput   :   39.806 # [mwords/sec]
   Debug_Time(0):   30.584 # [msec]
   Debug_Time(1):   10.384 # [msec]
   Debug_Time(2):    9.480 # [msec]
   Debug_Time(3):    4.652 # [msec]
   Debug_Time(4):    2.809 # [msec]
   Debug_Time(5):    3.260 # [msec]
-
   Version      : 1.7
   Ways         : 16
   Words        : 2
   Feedback     : 0
   WordBits     : 32
   IndexBits    : 32
   Sort Order   : 0
   Sign Compare : 0
   Max Size     : 268435455
   Debug Enable : 1
   size         : 505000
   average_time :   12.661 # [msec]
   throughput   :   39.887 # [mwords/sec]
   Debug_Time(0):   30.558 # [msec]
   Debug_Time(1):   10.151 # [msec]
   Debug_Time(2):    9.538 # [msec]
   Debug_Time(3):    4.705 # [msec]
   Debug_Time(4):    2.847 # [msec]
   Debug_Time(5):    3.317 # [msec]
-
   Version      : 1.7
   Ways         : 16
   Words        : 2
   Feedback     : 0
   WordBits     : 32
   IndexBits    : 32
   Sort Order   : 0
   Sign Compare : 0
   Max Size     : 268435455
   Debug Enable : 1
   size         : 510000
   average_time :   12.791 # [msec]
   throughput   :   39.873 # [mwords/sec]
   Debug_Time(0):   30.868 # [msec]
   Debug_Time(1):   10.262 # [msec]
   Debug_Time(2):    9.642 # [msec]
   Debug_Time(3):    4.742 # [msec]
   Debug_Time(4):    2.869 # [msec]
   Debug_Time(5):    3.353 # [msec]
-
   Version      : 1.7
   Ways         : 16
   Words        : 2
   Feedback     : 0
   WordBits     : 32
   IndexBits    : 32
   Sort Order   : 0
   Sign Compare : 0
   Max Size     : 268435455
   Debug Enable : 1
   size         : 515000
   average_time :   12.906 # [msec]
   throughput   :   39.905 # [mwords/sec]
   Debug_Time(0):   30.996 # [msec]
   Debug_Time(1):   10.231 # [msec]
   Debug_Time(2):    9.734 # [msec]
   Debug_Time(3):    4.798 # [msec]
   Debug_Time(4):    2.892 # [msec]
   Debug_Time(5):    3.341 # [msec]
-
   Version      : 1.7
   Ways         : 16
   Words        : 2
   Feedback     : 0
   WordBits     : 32
   IndexBits    : 32
   Sort Order   : 0
   Sign Compare : 0
   Max Size     : 268435455
   Debug Enable : 1
   size         : 520000
   average_time :   13.024 # [msec]
   throughput   :   39.926 # [mwords/sec]
   Debug_Time(0):   31.597 # [msec]
   Debug_Time(1):   10.633 # [msec]
   Debug_Time(2):    9.834 # [msec]
   Debug_Time(3):    4.836 # [msec]
   Debug_Time(4):    2.916 # [msec]
   Debug_Time(5):    3.378 # [msec]
-
   Version      : 1.7
   Ways         : 16
   Words        : 2
   Feedback     : 0
   WordBits     : 32
   IndexBits    : 32
   Sort Order   : 0
   Sign Compare : 0
   Max Size     : 268435455
   Debug Enable : 1
   size         : 525000
   average_time :   13.152 # [msec]
   throughput   :   39.919 # [mwords/sec]
   Debug_Time(0):   31.885 # [msec]
   Debug_Time(1):   10.732 # [msec]
   Debug_Time(2):    9.919 # [msec]
   Debug_Time(3):    4.883 # [msec]
   Debug_Time(4):    2.950 # [msec]
   Debug_Time(5):    3.400 # [msec]
-
   Version      : 1.7
   Ways         : 16
   Words        : 2
   Feedback     : 0
   WordBits     : 32
   IndexBits    : 32
   Sort Order   : 0
   Sign Compare : 0
   Max Size     : 268435455
   Debug Enable : 1
   size         : 530000
   average_time :   13.289 # [msec]
   throughput   :   39.882 # [mwords/sec]
   Debug_Time(0):   32.144 # [msec]
   Debug_Time(1):   10.779 # [msec]
   Debug_Time(2):   10.022 # [msec]
   Debug_Time(3):    4.934 # [msec]
   Debug_Time(4):    2.979 # [msec]
   Debug_Time(5):    3.431 # [msec]
-
   Version      : 1.7
   Ways         : 16
   Words        : 2
   Feedback     : 0
   WordBits     : 32
   IndexBits    : 32
   Sort Order   : 0
   Sign Compare : 0
   Max Size     : 268435455
   Debug Enable : 1
   size         : 535000
   average_time :   13.420 # [msec]
   throughput   :   39.865 # [mwords/sec]
   Debug_Time(0):   32.439 # [msec]
   Debug_Time(1):   10.813 # [msec]
   Debug_Time(2):   10.112 # [msec]
   Debug_Time(3):    4.978 # [msec]
   Debug_Time(4):    3.013 # [msec]
   Debug_Time(5):    3.523 # [msec]
-
   Version      : 1.7
   Ways         : 16
   Words        : 2
   Feedback     : 0
   WordBits     : 32
   IndexBits    : 32
   Sort Order   : 0
   Sign Compare : 0
   Max Size     : 268435455
   Debug Enable : 1
   size         : 540000
   average_time :   13.505 # [msec]
   throughput   :   39.986 # [mwords/sec]
   Debug_Time(0):   32.750 # [msec]
   Debug_Time(1):   10.935 # [msec]
   Debug_Time(2):   10.207 # [msec]
   Debug_Time(3):    5.024 # [msec]
   Debug_Time(4):    3.035 # [msec]
   Debug_Time(5):    3.550 # [msec]
-
   Version      : 1.7
   Ways         : 16
   Words        : 2
   Feedback     : 0
   WordBits     : 32
   IndexBits    : 32
   Sort Order   : 0
   Sign Compare : 0
   Max Size     : 268435455
   Debug Enable : 1
   size         : 545000
   average_time :   13.616 # [msec]
   throughput   :   40.027 # [mwords/sec]
   Debug_Time(0):   32.885 # [msec]
   Debug_Time(1):   10.919 # [msec]
   Debug_Time(2):   10.299 # [msec]
   Debug_Time(3):    5.071 # [msec]
   Debug_Time(4):    3.060 # [msec]
   Debug_Time(5):    3.537 # [msec]
-
   Version      : 1.7
   Ways         : 16
   Words        : 2
   Feedback     : 0
   WordBits     : 32
   IndexBits    : 32
   Sort Order   : 0
   Sign Compare : 0
   Max Size     : 268435455
   Debug Enable : 1
   size         : 550000
   average_time :   13.722 # [msec]
   throughput   :   40.082 # [mwords/sec]
   Debug_Time(0):   33.306 # [msec]
   Debug_Time(1):   11.146 # [msec]
   Debug_Time(2):   10.393 # [msec]
   Debug_Time(3):    5.119 # [msec]
   Debug_Time(4):    3.081 # [msec]
   Debug_Time(5):    3.566 # [msec]
-
   Version      : 1.7
   Ways         : 16
   Words        : 2
   Feedback     : 0
   WordBits     : 32
   IndexBits    : 32
   Sort Order   : 0
   Sign Compare : 0
   Max Size     : 268435455
   Debug Enable : 1
   size         : 555000
   average_time :   13.857 # [msec]
   throughput   :   40.052 # [mwords/sec]
   Debug_Time(0):   33.657 # [msec]
   Debug_Time(1):   11.257 # [msec]
   Debug_Time(2):   10.487 # [msec]
   Debug_Time(3):    5.174 # [msec]
   Debug_Time(4):    3.113 # [msec]
   Debug_Time(5):    3.626 # [msec]
-
   Version      : 1.7
   Ways         : 16
   Words        : 2
   Feedback     : 0
   WordBits     : 32
   IndexBits    : 32
   Sort Order   : 0
   Sign Compare : 0
   Max Size     : 268435455
   Debug Enable : 1
   size         : 560000
   average_time :   13.968 # [msec]
   throughput   :   40.092 # [mwords/sec]
   Debug_Time(0):   34.009 # [msec]
   Debug_Time(1):   11.388 # [msec]
   Debug_Time(2):   10.586 # [msec]
   Debug_Time(3):    5.216 # [msec]
   Debug_Time(4):    3.142 # [msec]
   Debug_Time(5):    3.677 # [msec]
-
   Version      : 1.7
   Ways         : 16
   Words        : 2
   Feedback     : 0
   WordBits     : 32
   IndexBits    : 32
   Sort Order   : 0
   Sign Compare : 0
   Max Size     : 268435455
   Debug Enable : 1
   size         : 565000
   average_time :   14.105 # [msec]
   throughput   :   40.057 # [mwords/sec]
   Debug_Time(0):   34.280 # [msec]
   Debug_Time(1):   11.502 # [msec]
   Debug_Time(2):   10.680 # [msec]
   Debug_Time(3):    5.266 # [msec]
   Debug_Time(4):    3.170 # [msec]
   Debug_Time(5):    3.661 # [msec]
-
   Version      : 1.7
   Ways         : 16
   Words        : 2
   Feedback     : 0
   WordBits     : 32
   IndexBits    : 32
   Sort Order   : 0
   Sign Compare : 0
   Max Size     : 268435455
   Debug Enable : 1
   size         : 570000
   average_time :   14.189 # [msec]
   throughput   :   40.171 # [mwords/sec]
   Debug_Time(0):   34.492 # [msec]
   Debug_Time(1):   11.513 # [msec]
   Debug_Time(2):   10.767 # [msec]
   Debug_Time(3):    5.304 # [msec]
   Debug_Time(4):    3.197 # [msec]
   Debug_Time(5):    3.710 # [msec]
-
   Version      : 1.7
   Ways         : 16
   Words        : 2
   Feedback     : 0
   WordBits     : 32
   IndexBits    : 32
   Sort Order   : 0
   Sign Compare : 0
   Max Size     : 268435455
   Debug Enable : 1
   size         : 575000
   average_time :   14.318 # [msec]
   throughput   :   40.160 # [mwords/sec]
   Debug_Time(0):   35.058 # [msec]
   Debug_Time(1):   11.834 # [msec]
   Debug_Time(2):   10.864 # [msec]
   Debug_Time(3):    5.345 # [msec]
   Debug_Time(4):    3.231 # [msec]
   Debug_Time(5):    3.783 # [msec]
-
   Version      : 1.7
   Ways         : 16
   Words        : 2
   Feedback     : 0
   WordBits     : 32
   IndexBits    : 32
   Sort Order   : 0
   Sign Compare : 0
   Max Size     : 268435455
   Debug Enable : 1
   size         : 580000
   average_time :   14.445 # [msec]
   throughput   :   40.152 # [mwords/sec]
   Debug_Time(0):   35.360 # [msec]
   Debug_Time(1):   11.927 # [msec]
   Debug_Time(2):   10.961 # [msec]
   Debug_Time(3):    5.405 # [msec]
   Debug_Time(4):    3.255 # [msec]
   Debug_Time(5):    3.812 # [msec]
-
   Version      : 1.7
   Ways         : 16
   Words        : 2
   Feedback     : 0
   WordBits     : 32
   IndexBits    : 32
   Sort Order   : 0
   Sign Compare : 0
   Max Size     : 268435455
   Debug Enable : 1
   size         : 585000
   average_time :   14.563 # [msec]
   throughput   :   40.171 # [mwords/sec]
   Debug_Time(0):   35.672 # [msec]
   Debug_Time(1):   12.040 # [msec]
   Debug_Time(2):   11.058 # [msec]
   Debug_Time(3):    5.439 # [msec]
   Debug_Time(4):    3.293 # [msec]
   Debug_Time(5):    3.842 # [msec]
-
   Version      : 1.7
   Ways         : 16
   Words        : 2
   Feedback     : 0
   WordBits     : 32
   IndexBits    : 32
   Sort Order   : 0
   Sign Compare : 0
   Max Size     : 268435455
   Debug Enable : 1
   size         : 590000
   average_time :   14.701 # [msec]
   throughput   :   40.135 # [mwords/sec]
   Debug_Time(0):   35.911 # [msec]
   Debug_Time(1):   12.064 # [msec]
   Debug_Time(2):   11.151 # [msec]
   Debug_Time(3):    5.494 # [msec]
   Debug_Time(4):    3.319 # [msec]
   Debug_Time(5):    3.882 # [msec]
-
   Version      : 1.7
   Ways         : 16
   Words        : 2
   Feedback     : 0
   WordBits     : 32
   IndexBits    : 32
   Sort Order   : 0
   Sign Compare : 0
   Max Size     : 268435455
   Debug Enable : 1
   size         : 595000
   average_time :   14.814 # [msec]
   throughput   :   40.165 # [mwords/sec]
   Debug_Time(0):   35.956 # [msec]
   Debug_Time(1):   11.948 # [msec]
   Debug_Time(2):   11.244 # [msec]
   Debug_Time(3):    5.534 # [msec]
   Debug_Time(4):    3.350 # [msec]
   Debug_Time(5):    3.880 # [msec]
-
   Version      : 1.7
   Ways         : 16
   Words        : 2
   Feedback     : 0
   WordBits     : 32
   IndexBits    : 32
   Sort Order   : 0
   Sign Compare : 0
   Max Size     : 268435455
   Debug Enable : 1
   size         : 600000
   average_time :   14.936 # [msec]
   throughput   :   40.171 # [mwords/sec]
   Debug_Time(0):   36.567 # [msec]
   Debug_Time(1):   12.346 # [msec]
   Debug_Time(2):   11.337 # [msec]
   Debug_Time(3):    5.577 # [msec]
   Debug_Time(4):    3.378 # [msec]
   Debug_Time(5):    3.928 # [msec]
-
   Version      : 1.7
   Ways         : 16
   Words        : 2
   Feedback     : 0
   WordBits     : 32
   IndexBits    : 32
   Sort Order   : 0
   Sign Compare : 0
   Max Size     : 268435455
   Debug Enable : 1
   size         : 605000
   average_time :   15.066 # [msec]
   throughput   :   40.156 # [mwords/sec]
   Debug_Time(0):   36.816 # [msec]
   Debug_Time(1):   12.363 # [msec]
   Debug_Time(2):   11.437 # [msec]
   Debug_Time(3):    5.637 # [msec]
   Debug_Time(4):    3.396 # [msec]
   Debug_Time(5):    3.983 # [msec]
-
   Version      : 1.7
   Ways         : 16
   Words        : 2
   Feedback     : 0
   WordBits     : 32
   IndexBits    : 32
   Sort Order   : 0
   Sign Compare : 0
   Max Size     : 268435455
   Debug Enable : 1
   size         : 610000
   average_time :   15.189 # [msec]
   throughput   :   40.160 # [mwords/sec]
   Debug_Time(0):   37.185 # [msec]
   Debug_Time(1):   12.536 # [msec]
   Debug_Time(2):   11.524 # [msec]
   Debug_Time(3):    5.674 # [msec]
   Debug_Time(4):    3.428 # [msec]
   Debug_Time(5):    4.024 # [msec]
-
   Version      : 1.7
   Ways         : 16
   Words        : 2
   Feedback     : 0
   WordBits     : 32
   IndexBits    : 32
   Sort Order   : 0
   Sign Compare : 0
   Max Size     : 268435455
   Debug Enable : 1
   size         : 615000
   average_time :   15.300 # [msec]
   throughput   :   40.195 # [mwords/sec]
   Debug_Time(0):   37.267 # [msec]
   Debug_Time(1):   12.461 # [msec]
   Debug_Time(2):   11.621 # [msec]
   Debug_Time(3):    5.725 # [msec]
   Debug_Time(4):    3.457 # [msec]
   Debug_Time(5):    4.003 # [msec]
-
   Version      : 1.7
   Ways         : 16
   Words        : 2
   Feedback     : 0
   WordBits     : 32
   IndexBits    : 32
   Sort Order   : 0
   Sign Compare : 0
   Max Size     : 268435455
   Debug Enable : 1
   size         : 620000
   average_time :   15.445 # [msec]
   throughput   :   40.143 # [mwords/sec]
   Debug_Time(0):   37.713 # [msec]
   Debug_Time(1):   12.698 # [msec]
   Debug_Time(2):   11.724 # [msec]
   Debug_Time(3):    5.766 # [msec]
   Debug_Time(4):    3.483 # [msec]
   Debug_Time(5):    4.041 # [msec]
-
   Version      : 1.7
   Ways         : 16
   Words        : 2
   Feedback     : 0
   WordBits     : 32
   IndexBits    : 32
   Sort Order   : 0
   Sign Compare : 0
   Max Size     : 268435455
   Debug Enable : 1
   size         : 625000
   average_time :   15.563 # [msec]
   throughput   :   40.160 # [mwords/sec]
   Debug_Time(0):   37.987 # [msec]
   Debug_Time(1):   12.779 # [msec]
   Debug_Time(2):   11.811 # [msec]
   Debug_Time(3):    5.817 # [msec]
   Debug_Time(4):    3.519 # [msec]
   Debug_Time(5):    4.061 # [msec]
-
   Version      : 1.7
   Ways         : 16
   Words        : 2
   Feedback     : 0
   WordBits     : 32
   IndexBits    : 32
   Sort Order   : 0
   Sign Compare : 0
   Max Size     : 268435455
   Debug Enable : 1
   size         : 630000
   average_time :   15.652 # [msec]
   throughput   :   40.252 # [mwords/sec]
   Debug_Time(0):   38.294 # [msec]
   Debug_Time(1):   12.885 # [msec]
   Debug_Time(2):   11.905 # [msec]
   Debug_Time(3):    5.863 # [msec]
   Debug_Time(4):    3.543 # [msec]
   Debug_Time(5):    4.099 # [msec]
-
   Version      : 1.7
   Ways         : 16
   Words        : 2
   Feedback     : 0
   WordBits     : 32
   IndexBits    : 32
   Sort Order   : 0
   Sign Compare : 0
   Max Size     : 268435455
   Debug Enable : 1
   size         : 635000
   average_time :   15.797 # [msec]
   throughput   :   40.199 # [mwords/sec]
   Debug_Time(0):   38.672 # [msec]
   Debug_Time(1):   13.034 # [msec]
   Debug_Time(2):   12.001 # [msec]
   Debug_Time(3):    5.909 # [msec]
   Debug_Time(4):    3.571 # [msec]
   Debug_Time(5):    4.158 # [msec]
-
   Version      : 1.7
   Ways         : 16
   Words        : 2
   Feedback     : 0
   WordBits     : 32
   IndexBits    : 32
   Sort Order   : 0
   Sign Compare : 0
   Max Size     : 268435455
   Debug Enable : 1
   size         : 640000
   average_time :   15.878 # [msec]
   throughput   :   40.309 # [mwords/sec]
   Debug_Time(0):   38.950 # [msec]
   Debug_Time(1):   13.143 # [msec]
   Debug_Time(2):   12.098 # [msec]
   Debug_Time(3):    5.953 # [msec]
   Debug_Time(4):    3.604 # [msec]
   Debug_Time(5):    4.152 # [msec]
-
   Version      : 1.7
   Ways         : 16
   Words        : 2
   Feedback     : 0
   WordBits     : 32
   IndexBits    : 32
   Sort Order   : 0
   Sign Compare : 0
   Max Size     : 268435455
   Debug Enable : 1
   size         : 645000
   average_time :   16.005 # [msec]
   throughput   :   40.301 # [mwords/sec]
   Debug_Time(0):   39.045 # [msec]
   Debug_Time(1):   13.020 # [msec]
   Debug_Time(2):   12.186 # [msec]
   Debug_Time(3):    6.007 # [msec]
   Debug_Time(4):    3.625 # [msec]
   Debug_Time(5):    4.207 # [msec]
-
   Version      : 1.7
   Ways         : 16
   Words        : 2
   Feedback     : 0
   WordBits     : 32
   IndexBits    : 32
   Sort Order   : 0
   Sign Compare : 0
   Max Size     : 268435455
   Debug Enable : 1
   size         : 650000
   average_time :   16.152 # [msec]
   throughput   :   40.243 # [mwords/sec]
   Debug_Time(0):   39.589 # [msec]
   Debug_Time(1):   13.307 # [msec]
   Debug_Time(2):   12.281 # [msec]
   Debug_Time(3):    6.053 # [msec]
   Debug_Time(4):    3.659 # [msec]
   Debug_Time(5):    4.289 # [msec]
-
   Version      : 1.7
   Ways         : 16
   Words        : 2
   Feedback     : 0
   WordBits     : 32
   IndexBits    : 32
   Sort Order   : 0
   Sign Compare : 0
   Max Size     : 268435455
   Debug Enable : 1
   size         : 655000
   average_time :   16.280 # [msec]
   throughput   :   40.233 # [mwords/sec]
   Debug_Time(0):   39.907 # [msec]
   Debug_Time(1):   13.421 # [msec]
   Debug_Time(2):   12.383 # [msec]
   Debug_Time(3):    6.103 # [msec]
   Debug_Time(4):    3.684 # [msec]
   Debug_Time(5):    4.315 # [msec]
-
   Version      : 1.7
   Ways         : 16
   Words        : 2
   Feedback     : 0
   WordBits     : 32
   IndexBits    : 32
   Sort Order   : 0
   Sign Compare : 0
   Max Size     : 268435455
   Debug Enable : 1
   size         : 660000
   average_time :   16.644 # [msec]
   throughput   :   39.653 # [mwords/sec]
   Debug_Time(0):   40.758 # [msec]
   Debug_Time(1):   13.787 # [msec]
   Debug_Time(2):   12.801 # [msec]
   Debug_Time(3):    6.204 # [msec]
   Debug_Time(4):    3.708 # [msec]
   Debug_Time(5):    4.258 # [msec]
-
   Version      : 1.7
   Ways         : 16
   Words        : 2
   Feedback     : 0
   WordBits     : 32
   IndexBits    : 32
   Sort Order   : 0
   Sign Compare : 0
   Max Size     : 268435455
   Debug Enable : 1
   size         : 665000
   average_time :   16.527 # [msec]
   throughput   :   40.236 # [mwords/sec]
   Debug_Time(0):   40.519 # [msec]
   Debug_Time(1):   13.601 # [msec]
   Debug_Time(2):   12.567 # [msec]
   Debug_Time(3):    6.193 # [msec]
   Debug_Time(4):    3.737 # [msec]
   Debug_Time(5):    4.422 # [msec]
-
   Version      : 1.7
   Ways         : 16
   Words        : 2
   Feedback     : 0
   WordBits     : 32
   IndexBits    : 32
   Sort Order   : 0
   Sign Compare : 0
   Max Size     : 268435455
   Debug Enable : 1
   size         : 670000
   average_time :   16.605 # [msec]
   throughput   :   40.348 # [mwords/sec]
   Debug_Time(0):   40.566 # [msec]
   Debug_Time(1):   13.488 # [msec]
   Debug_Time(2):   12.661 # [msec]
   Debug_Time(3):    6.239 # [msec]
   Debug_Time(4):    3.762 # [msec]
   Debug_Time(5):    4.416 # [msec]
-
   Version      : 1.7
   Ways         : 16
   Words        : 2
   Feedback     : 0
   WordBits     : 32
   IndexBits    : 32
   Sort Order   : 0
   Sign Compare : 0
   Max Size     : 268435455
   Debug Enable : 1
   size         : 675000
   average_time :   16.747 # [msec]
   throughput   :   40.306 # [mwords/sec]
   Debug_Time(0):   40.747 # [msec]
   Debug_Time(1):   13.705 # [msec]
   Debug_Time(2):   12.750 # [msec]
   Debug_Time(3):    6.275 # [msec]
   Debug_Time(4):    3.794 # [msec]
   Debug_Time(5):    4.222 # [msec]
-
   Version      : 1.7
   Ways         : 16
   Words        : 2
   Feedback     : 0
   WordBits     : 32
   IndexBits    : 32
   Sort Order   : 0
   Sign Compare : 0
   Max Size     : 268435455
   Debug Enable : 1
   size         : 680000
   average_time :   16.833 # [msec]
   throughput   :   40.397 # [mwords/sec]
   Debug_Time(0):   40.735 # [msec]
   Debug_Time(1):   13.389 # [msec]
   Debug_Time(2):   12.852 # [msec]
   Debug_Time(3):    6.326 # [msec]
   Debug_Time(4):    3.821 # [msec]
   Debug_Time(5):    4.347 # [msec]
-
   Version      : 1.7
   Ways         : 16
   Words        : 2
   Feedback     : 0
   WordBits     : 32
   IndexBits    : 32
   Sort Order   : 0
   Sign Compare : 0
   Max Size     : 268435455
   Debug Enable : 1
   size         : 685000
   average_time :   17.016 # [msec]
   throughput   :   40.256 # [mwords/sec]
   Debug_Time(0):   41.401 # [msec]
   Debug_Time(1):   13.666 # [msec]
   Debug_Time(2):   13.076 # [msec]
   Debug_Time(3):    6.472 # [msec]
   Debug_Time(4):    3.845 # [msec]
   Debug_Time(5):    4.343 # [msec]
-
   Version      : 1.7
   Ways         : 16
   Words        : 2
   Feedback     : 0
   WordBits     : 32
   IndexBits    : 32
   Sort Order   : 0
   Sign Compare : 0
   Max Size     : 268435455
   Debug Enable : 1
   size         : 690000
   average_time :   17.103 # [msec]
   throughput   :   40.344 # [mwords/sec]
   Debug_Time(0):   41.727 # [msec]
   Debug_Time(1):   14.071 # [msec]
   Debug_Time(2):   13.040 # [msec]
   Debug_Time(3):    6.424 # [msec]
   Debug_Time(4):    3.871 # [msec]
   Debug_Time(5):    4.321 # [msec]
-
   Version      : 1.7
   Ways         : 16
   Words        : 2
   Feedback     : 0
   WordBits     : 32
   IndexBits    : 32
   Sort Order   : 0
   Sign Compare : 0
   Max Size     : 268435455
   Debug Enable : 1
   size         : 695000
   average_time :   17.278 # [msec]
   throughput   :   40.224 # [mwords/sec]
   Debug_Time(0):   42.270 # [msec]
   Debug_Time(1):   14.145 # [msec]
   Debug_Time(2):   13.245 # [msec]
   Debug_Time(3):    6.470 # [msec]
   Debug_Time(4):    3.899 # [msec]
   Debug_Time(5):    4.511 # [msec]
-
   Version      : 1.7
   Ways         : 16
   Words        : 2
   Feedback     : 0
   WordBits     : 32
   IndexBits    : 32
   Sort Order   : 0
   Sign Compare : 0
   Max Size     : 268435455
   Debug Enable : 1
   size         : 700000
   average_time :   17.327 # [msec]
   throughput   :   40.399 # [mwords/sec]
   Debug_Time(0):   42.403 # [msec]
   Debug_Time(1):   14.241 # [msec]
   Debug_Time(2):   13.234 # [msec]
   Debug_Time(3):    6.545 # [msec]
   Debug_Time(4):    3.931 # [msec]
   Debug_Time(5):    4.452 # [msec]
-
   Version      : 1.7
   Ways         : 16
   Words        : 2
   Feedback     : 0
   WordBits     : 32
   IndexBits    : 32
   Sort Order   : 0
   Sign Compare : 0
   Max Size     : 268435455
   Debug Enable : 1
   size         : 705000
   average_time :   17.523 # [msec]
   throughput   :   40.232 # [mwords/sec]
   Debug_Time(0):   42.679 # [msec]
   Debug_Time(1):   14.103 # [msec]
   Debug_Time(2):   13.455 # [msec]
   Debug_Time(3):    6.575 # [msec]
   Debug_Time(4):    3.964 # [msec]
   Debug_Time(5):    4.582 # [msec]
-
   Version      : 1.7
   Ways         : 16
   Words        : 2
   Feedback     : 0
   WordBits     : 32
   IndexBits    : 32
   Sort Order   : 0
   Sign Compare : 0
   Max Size     : 268435455
   Debug Enable : 1
   size         : 710000
   average_time :   17.622 # [msec]
   throughput   :   40.289 # [mwords/sec]
   Debug_Time(0):   43.231 # [msec]
   Debug_Time(1):   14.448 # [msec]
   Debug_Time(2):   13.545 # [msec]
   Debug_Time(3):    6.639 # [msec]
   Debug_Time(4):    3.988 # [msec]
   Debug_Time(5):    4.610 # [msec]
-
   Version      : 1.7
   Ways         : 16
   Words        : 2
   Feedback     : 0
   WordBits     : 32
   IndexBits    : 32
   Sort Order   : 0
   Sign Compare : 0
   Max Size     : 268435455
   Debug Enable : 1
   size         : 715000
   average_time :   17.724 # [msec]
   throughput   :   40.340 # [mwords/sec]
   Debug_Time(0):   43.245 # [msec]
   Debug_Time(1):   14.265 # [msec]
   Debug_Time(2):   13.637 # [msec]
   Debug_Time(3):    6.682 # [msec]
   Debug_Time(4):    4.017 # [msec]
   Debug_Time(5):    4.644 # [msec]
-
   Version      : 1.7
   Ways         : 16
   Words        : 2
   Feedback     : 0
   WordBits     : 32
   IndexBits    : 32
   Sort Order   : 0
   Sign Compare : 0
   Max Size     : 268435455
   Debug Enable : 1
   size         : 720000
   average_time :   17.864 # [msec]
   throughput   :   40.304 # [mwords/sec]
   Debug_Time(0):   44.032 # [msec]
   Debug_Time(1):   14.919 # [msec]
   Debug_Time(2):   13.670 # [msec]
   Debug_Time(3):    6.732 # [msec]
   Debug_Time(4):    4.038 # [msec]
   Debug_Time(5):    4.672 # [msec]
-
   Version      : 1.7
   Ways         : 16
   Words        : 2
   Feedback     : 0
   WordBits     : 32
   IndexBits    : 32
   Sort Order   : 0
   Sign Compare : 0
   Max Size     : 268435455
   Debug Enable : 1
   size         : 725000
   average_time :   17.952 # [msec]
   throughput   :   40.385 # [mwords/sec]
   Debug_Time(0):   43.847 # [msec]
   Debug_Time(1):   14.503 # [msec]
   Debug_Time(2):   13.805 # [msec]
   Debug_Time(3):    6.761 # [msec]
   Debug_Time(4):    4.073 # [msec]
   Debug_Time(5):    4.706 # [msec]
-
   Version      : 1.7
   Ways         : 16
   Words        : 2
   Feedback     : 0
   WordBits     : 32
   IndexBits    : 32
   Sort Order   : 0
   Sign Compare : 0
   Max Size     : 268435455
   Debug Enable : 1
   size         : 730000
   average_time :   18.100 # [msec]
   throughput   :   40.333 # [mwords/sec]
   Debug_Time(0):   44.693 # [msec]
   Debug_Time(1):   15.129 # [msec]
   Debug_Time(2):   13.892 # [msec]
   Debug_Time(3):    6.827 # [msec]
   Debug_Time(4):    4.110 # [msec]
   Debug_Time(5):    4.735 # [msec]
-
   Version      : 1.7
   Ways         : 16
   Words        : 2
   Feedback     : 0
   WordBits     : 32
   IndexBits    : 32
   Sort Order   : 0
   Sign Compare : 0
   Max Size     : 268435455
   Debug Enable : 1
   size         : 735000
   average_time :   18.242 # [msec]
   throughput   :   40.291 # [mwords/sec]
   Debug_Time(0):   44.967 # [msec]
   Debug_Time(1):   15.201 # [msec]
   Debug_Time(2):   14.001 # [msec]
   Debug_Time(3):    6.860 # [msec]
   Debug_Time(4):    4.136 # [msec]
   Debug_Time(5):    4.768 # [msec]
-
   Version      : 1.7
   Ways         : 16
   Words        : 2
   Feedback     : 0
   WordBits     : 32
   IndexBits    : 32
   Sort Order   : 0
   Sign Compare : 0
   Max Size     : 268435455
   Debug Enable : 1
   size         : 740000
   average_time :   18.322 # [msec]
   throughput   :   40.389 # [mwords/sec]
   Debug_Time(0):   45.100 # [msec]
   Debug_Time(1):   15.156 # [msec]
   Debug_Time(2):   14.092 # [msec]
   Debug_Time(3):    6.901 # [msec]
   Debug_Time(4):    4.152 # [msec]
   Debug_Time(5):    4.800 # [msec]
-
   Version      : 1.7
   Ways         : 16
   Words        : 2
   Feedback     : 0
   WordBits     : 32
   IndexBits    : 32
   Sort Order   : 0
   Sign Compare : 0
   Max Size     : 268435455
   Debug Enable : 1
   size         : 745000
   average_time :   18.442 # [msec]
   throughput   :   40.397 # [mwords/sec]
   Debug_Time(0):   45.081 # [msec]
   Debug_Time(1):   14.921 # [msec]
   Debug_Time(2):   14.180 # [msec]
   Debug_Time(3):    6.960 # [msec]
   Debug_Time(4):    4.188 # [msec]
   Debug_Time(5):    4.832 # [msec]
-
   Version      : 1.7
   Ways         : 16
   Words        : 2
   Feedback     : 0
   WordBits     : 32
   IndexBits    : 32
   Sort Order   : 0
   Sign Compare : 0
   Max Size     : 268435455
   Debug Enable : 1
   size         : 750000
   average_time :   18.560 # [msec]
   throughput   :   40.409 # [mwords/sec]
   Debug_Time(0):   45.407 # [msec]
   Debug_Time(1):   15.058 # [msec]
   Debug_Time(2):   14.267 # [msec]
   Debug_Time(3):    7.004 # [msec]
   Debug_Time(4):    4.211 # [msec]
   Debug_Time(5):    4.866 # [msec]
-
   Version      : 1.7
   Ways         : 16
   Words        : 2
   Feedback     : 0
   WordBits     : 32
   IndexBits    : 32
   Sort Order   : 0
   Sign Compare : 0
   Max Size     : 268435455
   Debug Enable : 1
   size         : 755000
   average_time :   18.685 # [msec]
   throughput   :   40.406 # [mwords/sec]
   Debug_Time(0):   45.873 # [msec]
   Debug_Time(1):   15.318 # [msec]
   Debug_Time(2):   14.352 # [msec]
   Debug_Time(3):    7.059 # [msec]
   Debug_Time(4):    4.243 # [msec]
   Debug_Time(5):    4.901 # [msec]
-
   Version      : 1.7
   Ways         : 16
   Words        : 2
   Feedback     : 0
   WordBits     : 32
   IndexBits    : 32
   Sort Order   : 0
   Sign Compare : 0
   Max Size     : 268435455
   Debug Enable : 1
   size         : 760000
   average_time :   18.806 # [msec]
   throughput   :   40.412 # [mwords/sec]
   Debug_Time(0):   46.198 # [msec]
   Debug_Time(1):   15.436 # [msec]
   Debug_Time(2):   14.448 # [msec]
   Debug_Time(3):    7.102 # [msec]
   Debug_Time(4):    4.279 # [msec]
   Debug_Time(5):    4.934 # [msec]
-
   Version      : 1.7
   Ways         : 16
   Words        : 2
   Feedback     : 0
   WordBits     : 32
   IndexBits    : 32
   Sort Order   : 0
   Sign Compare : 0
   Max Size     : 268435455
   Debug Enable : 1
   size         : 765000
   average_time :   18.935 # [msec]
   throughput   :   40.402 # [mwords/sec]
   Debug_Time(0):   46.494 # [msec]
   Debug_Time(1):   15.517 # [msec]
   Debug_Time(2):   14.553 # [msec]
   Debug_Time(3):    7.152 # [msec]
   Debug_Time(4):    4.307 # [msec]
   Debug_Time(5):    4.965 # [msec]
-
   Version      : 1.7
   Ways         : 16
   Words        : 2
   Feedback     : 0
   WordBits     : 32
   IndexBits    : 32
   Sort Order   : 0
   Sign Compare : 0
   Max Size     : 268435455
   Debug Enable : 1
   size         : 770000
   average_time :   19.049 # [msec]
   throughput   :   40.422 # [mwords/sec]
   Debug_Time(0):   46.807 # [msec]
   Debug_Time(1):   15.650 # [msec]
   Debug_Time(2):   14.625 # [msec]
   Debug_Time(3):    7.203 # [msec]
   Debug_Time(4):    4.330 # [msec]
   Debug_Time(5):    4.999 # [msec]
-
   Version      : 1.7
   Ways         : 16
   Words        : 2
   Feedback     : 0
   WordBits     : 32
   IndexBits    : 32
   Sort Order   : 0
   Sign Compare : 0
   Max Size     : 268435455
   Debug Enable : 1
   size         : 775000
   average_time :   19.149 # [msec]
   throughput   :   40.471 # [mwords/sec]
   Debug_Time(0):   47.057 # [msec]
   Debug_Time(1):   15.727 # [msec]
   Debug_Time(2):   14.726 # [msec]
   Debug_Time(3):    7.243 # [msec]
   Debug_Time(4):    4.357 # [msec]
   Debug_Time(5):    5.005 # [msec]
-
   Version      : 1.7
   Ways         : 16
   Words        : 2
   Feedback     : 0
   WordBits     : 32
   IndexBits    : 32
   Sort Order   : 0
   Sign Compare : 0
   Max Size     : 268435455
   Debug Enable : 1
   size         : 780000
   average_time :   19.292 # [msec]
   throughput   :   40.431 # [mwords/sec]
   Debug_Time(0):   47.343 # [msec]
   Debug_Time(1):   15.814 # [msec]
   Debug_Time(2):   14.832 # [msec]
   Debug_Time(3):    7.278 # [msec]
   Debug_Time(4):    4.376 # [msec]
   Debug_Time(5):    5.043 # [msec]
-
   Version      : 1.7
   Ways         : 16
   Words        : 2
   Feedback     : 0
   WordBits     : 32
   IndexBits    : 32
   Sort Order   : 0
   Sign Compare : 0
   Max Size     : 268435455
   Debug Enable : 1
   size         : 785000
   average_time :   19.406 # [msec]
   throughput   :   40.451 # [mwords/sec]
   Debug_Time(0):   47.693 # [msec]
   Debug_Time(1):   16.030 # [msec]
   Debug_Time(2):   14.933 # [msec]
   Debug_Time(3):    7.338 # [msec]
   Debug_Time(4):    4.417 # [msec]
   Debug_Time(5):    4.974 # [msec]
-
   Version      : 1.7
   Ways         : 16
   Words        : 2
   Feedback     : 0
   WordBits     : 32
   IndexBits    : 32
   Sort Order   : 0
   Sign Compare : 0
   Max Size     : 268435455
   Debug Enable : 1
   size         : 790000
   average_time :   19.514 # [msec]
   throughput   :   40.484 # [mwords/sec]
   Debug_Time(0):   47.879 # [msec]
   Debug_Time(1):   16.017 # [msec]
   Debug_Time(2):   15.021 # [msec]
   Debug_Time(3):    7.371 # [msec]
   Debug_Time(4):    4.448 # [msec]
   Debug_Time(5):    5.023 # [msec]
-
   Version      : 1.7
   Ways         : 16
   Words        : 2
   Feedback     : 0
   WordBits     : 32
   IndexBits    : 32
   Sort Order   : 0
   Sign Compare : 0
   Max Size     : 268435455
   Debug Enable : 1
   size         : 795000
   average_time :   19.655 # [msec]
   throughput   :   40.449 # [mwords/sec]
   Debug_Time(0):   48.212 # [msec]
   Debug_Time(1):   16.089 # [msec]
   Debug_Time(2):   15.150 # [msec]
   Debug_Time(3):    7.428 # [msec]
   Debug_Time(4):    4.456 # [msec]
   Debug_Time(5):    5.090 # [msec]
-
   Version      : 1.7
   Ways         : 16
   Words        : 2
   Feedback     : 0
   WordBits     : 32
   IndexBits    : 32
   Sort Order   : 0
   Sign Compare : 0
   Max Size     : 268435455
   Debug Enable : 1
   size         : 800000
   average_time :   19.770 # [msec]
   throughput   :   40.466 # [mwords/sec]
   Debug_Time(0):   48.478 # [msec]
   Debug_Time(1):   16.186 # [msec]
   Debug_Time(2):   15.202 # [msec]
   Debug_Time(3):    7.454 # [msec]
   Debug_Time(4):    4.495 # [msec]
   Debug_Time(5):    5.141 # [msec]
-
   Version      : 1.7
   Ways         : 16
   Words        : 2
   Feedback     : 0
   WordBits     : 32
   IndexBits    : 32
   Sort Order   : 0
   Sign Compare : 0
   Max Size     : 268435455
   Debug Enable : 1
   size         : 805000
   average_time :   19.894 # [msec]
   throughput   :   40.465 # [mwords/sec]
   Debug_Time(0):   48.810 # [msec]
   Debug_Time(1):   16.313 # [msec]
   Debug_Time(2):   15.311 # [msec]
   Debug_Time(3):    7.494 # [msec]
   Debug_Time(4):    4.509 # [msec]
   Debug_Time(5):    5.183 # [msec]
-
   Version      : 1.7
   Ways         : 16
   Words        : 2
   Feedback     : 0
   WordBits     : 32
   IndexBits    : 32
   Sort Order   : 0
   Sign Compare : 0
   Max Size     : 268435455
   Debug Enable : 1
   size         : 810000
   average_time :   20.017 # [msec]
   throughput   :   40.466 # [mwords/sec]
   Debug_Time(0):   49.200 # [msec]
   Debug_Time(1):   16.425 # [msec]
   Debug_Time(2):   15.408 # [msec]
   Debug_Time(3):    7.572 # [msec]
   Debug_Time(4):    4.544 # [msec]
   Debug_Time(5):    5.251 # [msec]
-
   Version      : 1.7
   Ways         : 16
   Words        : 2
   Feedback     : 0
   WordBits     : 32
   IndexBits    : 32
   Sort Order   : 0
   Sign Compare : 0
   Max Size     : 268435455
   Debug Enable : 1
   size         : 815000
   average_time :   20.134 # [msec]
   throughput   :   40.480 # [mwords/sec]
   Debug_Time(0):   49.461 # [msec]
   Debug_Time(1):   16.489 # [msec]
   Debug_Time(2):   15.502 # [msec]
   Debug_Time(3):    7.602 # [msec]
   Debug_Time(4):    4.585 # [msec]
   Debug_Time(5):    5.284 # [msec]
-
   Version      : 1.7
   Ways         : 16
   Words        : 2
   Feedback     : 0
   WordBits     : 32
   IndexBits    : 32
   Sort Order   : 0
   Sign Compare : 0
   Max Size     : 268435455
   Debug Enable : 1
   size         : 820000
   average_time :   20.269 # [msec]
   throughput   :   40.455 # [mwords/sec]
   Debug_Time(0):   49.726 # [msec]
   Debug_Time(1):   16.589 # [msec]
   Debug_Time(2):   15.549 # [msec]
   Debug_Time(3):    7.685 # [msec]
   Debug_Time(4):    4.605 # [msec]
   Debug_Time(5):    5.298 # [msec]
-
   Version      : 1.7
   Ways         : 16
   Words        : 2
   Feedback     : 0
   WordBits     : 32
   IndexBits    : 32
   Sort Order   : 0
   Sign Compare : 0
   Max Size     : 268435455
   Debug Enable : 1
   size         : 825000
   average_time :   20.389 # [msec]
   throughput   :   40.462 # [mwords/sec]
   Debug_Time(0):   50.063 # [msec]
   Debug_Time(1):   16.702 # [msec]
   Debug_Time(2):   15.640 # [msec]
   Debug_Time(3):    7.752 # [msec]
   Debug_Time(4):    4.634 # [msec]
   Debug_Time(5):    5.336 # [msec]
-
   Version      : 1.7
   Ways         : 16
   Words        : 2
   Feedback     : 0
   WordBits     : 32
   IndexBits    : 32
   Sort Order   : 0
   Sign Compare : 0
   Max Size     : 268435455
   Debug Enable : 1
   size         : 830000
   average_time :   20.529 # [msec]
   throughput   :   40.430 # [mwords/sec]
   Debug_Time(0):   50.552 # [msec]
   Debug_Time(1):   16.777 # [msec]
   Debug_Time(2):   15.849 # [msec]
   Debug_Time(3):    7.792 # [msec]
   Debug_Time(4):    4.667 # [msec]
   Debug_Time(5):    5.467 # [msec]
-
   Version      : 1.7
   Ways         : 16
   Words        : 2
   Feedback     : 0
   WordBits     : 32
   IndexBits    : 32
   Sort Order   : 0
   Sign Compare : 0
   Max Size     : 268435455
   Debug Enable : 1
   size         : 835000
   average_time :   20.636 # [msec]
   throughput   :   40.463 # [mwords/sec]
   Debug_Time(0):   50.923 # [msec]
   Debug_Time(1):   16.836 # [msec]
   Debug_Time(2):   16.076 # [msec]
   Debug_Time(3):    7.846 # [msec]
   Debug_Time(4):    4.688 # [msec]
   Debug_Time(5):    5.478 # [msec]
-
   Version      : 1.7
   Ways         : 16
   Words        : 2
   Feedback     : 0
   WordBits     : 32
   IndexBits    : 32
   Sort Order   : 0
   Sign Compare : 0
   Max Size     : 268435455
   Debug Enable : 1
   size         : 840000
   average_time :   20.773 # [msec]
   throughput   :   40.437 # [mwords/sec]
   Debug_Time(0):   51.223 # [msec]
   Debug_Time(1):   16.952 # [msec]
   Debug_Time(2):   16.151 # [msec]
   Debug_Time(3):    7.893 # [msec]
   Debug_Time(4):    4.719 # [msec]
   Debug_Time(5):    5.507 # [msec]
-
   Version      : 1.7
   Ways         : 16
   Words        : 2
   Feedback     : 0
   WordBits     : 32
   IndexBits    : 32
   Sort Order   : 0
   Sign Compare : 0
   Max Size     : 268435455
   Debug Enable : 1
   size         : 845000
   average_time :   20.863 # [msec]
   throughput   :   40.501 # [mwords/sec]
   Debug_Time(0):   51.579 # [msec]
   Debug_Time(1):   17.033 # [msec]
   Debug_Time(2):   16.332 # [msec]
   Debug_Time(3):    7.926 # [msec]
   Debug_Time(4):    4.741 # [msec]
   Debug_Time(5):    5.548 # [msec]
-
   Version      : 1.7
   Ways         : 16
   Words        : 2
   Feedback     : 0
   WordBits     : 32
   IndexBits    : 32
   Sort Order   : 0
   Sign Compare : 0
   Max Size     : 268435455
   Debug Enable : 1
   size         : 850000
   average_time :   20.975 # [msec]
   throughput   :   40.525 # [mwords/sec]
   Debug_Time(0):   51.996 # [msec]
   Debug_Time(1):   17.143 # [msec]
   Debug_Time(2):   16.479 # [msec]
   Debug_Time(3):    7.951 # [msec]
   Debug_Time(4):    4.774 # [msec]
   Debug_Time(5):    5.649 # [msec]
-
   Version      : 1.7
   Ways         : 16
   Words        : 2
   Feedback     : 0
   WordBits     : 32
   IndexBits    : 32
   Sort Order   : 0
   Sign Compare : 0
   Max Size     : 268435455
   Debug Enable : 1
   size         : 855000
   average_time :   21.100 # [msec]
   throughput   :   40.521 # [mwords/sec]
   Debug_Time(0):   52.248 # [msec]
   Debug_Time(1):   17.351 # [msec]
   Debug_Time(2):   16.538 # [msec]
   Debug_Time(3):    7.944 # [msec]
   Debug_Time(4):    4.792 # [msec]
   Debug_Time(5):    5.623 # [msec]
-
   Version      : 1.7
   Ways         : 16
   Words        : 2
   Feedback     : 0
   WordBits     : 32
   IndexBits    : 32
   Sort Order   : 0
   Sign Compare : 0
   Max Size     : 268435455
   Debug Enable : 1
   size         : 860000
   average_time :   21.232 # [msec]
   throughput   :   40.505 # [mwords/sec]
   Debug_Time(0):   52.614 # [msec]
   Debug_Time(1):   17.451 # [msec]
   Debug_Time(2):   16.670 # [msec]
   Debug_Time(3):    8.002 # [msec]
   Debug_Time(4):    4.831 # [msec]
   Debug_Time(5):    5.660 # [msec]
-
   Version      : 1.7
   Ways         : 16
   Words        : 2
   Feedback     : 0
   WordBits     : 32
   IndexBits    : 32
   Sort Order   : 0
   Sign Compare : 0
   Max Size     : 268435455
   Debug Enable : 1
   size         : 865000
   average_time :   21.346 # [msec]
   throughput   :   40.522 # [mwords/sec]
   Debug_Time(0):   53.116 # [msec]
   Debug_Time(1):   17.993 # [msec]
   Debug_Time(2):   16.476 # [msec]
   Debug_Time(3):    8.044 # [msec]
   Debug_Time(4):    4.862 # [msec]
   Debug_Time(5):    5.741 # [msec]
-
   Version      : 1.7
   Ways         : 16
   Words        : 2
   Feedback     : 0
   WordBits     : 32
   IndexBits    : 32
   Sort Order   : 0
   Sign Compare : 0
   Max Size     : 268435455
   Debug Enable : 1
   size         : 870000
   average_time :   21.473 # [msec]
   throughput   :   40.516 # [mwords/sec]
   Debug_Time(0):   53.413 # [msec]
   Debug_Time(1):   18.218 # [msec]
   Debug_Time(2):   16.482 # [msec]
   Debug_Time(3):    8.092 # [msec]
   Debug_Time(4):    4.885 # [msec]
   Debug_Time(5):    5.736 # [msec]
-
   Version      : 1.7
   Ways         : 16
   Words        : 2
   Feedback     : 0
   WordBits     : 32
   IndexBits    : 32
   Sort Order   : 0
   Sign Compare : 0
   Max Size     : 268435455
   Debug Enable : 1
   size         : 875000
   average_time :   21.647 # [msec]
   throughput   :   40.422 # [mwords/sec]
   Debug_Time(0):   53.629 # [msec]
   Debug_Time(1):   18.274 # [msec]
   Debug_Time(2):   16.538 # [msec]
   Debug_Time(3):    8.132 # [msec]
   Debug_Time(4):    4.911 # [msec]
   Debug_Time(5):    5.775 # [msec]
-
   Version      : 1.7
   Ways         : 16
   Words        : 2
   Feedback     : 0
   WordBits     : 32
   IndexBits    : 32
   Sort Order   : 0
   Sign Compare : 0
   Max Size     : 268435455
   Debug Enable : 1
   size         : 880000
   average_time :   21.709 # [msec]
   throughput   :   40.536 # [mwords/sec]
   Debug_Time(0):   53.977 # [msec]
   Debug_Time(1):   18.355 # [msec]
   Debug_Time(2):   16.698 # [msec]
   Debug_Time(3):    8.177 # [msec]
   Debug_Time(4):    4.947 # [msec]
   Debug_Time(5):    5.800 # [msec]
-
   Version      : 1.7
   Ways         : 16
   Words        : 2
   Feedback     : 0
   WordBits     : 32
   IndexBits    : 32
   Sort Order   : 0
   Sign Compare : 0
   Max Size     : 268435455
   Debug Enable : 1
   size         : 885000
   average_time :   21.805 # [msec]
   throughput   :   40.588 # [mwords/sec]
   Debug_Time(0):   53.719 # [msec]
   Debug_Time(1):   17.908 # [msec]
   Debug_Time(2):   16.723 # [msec]
   Debug_Time(3):    8.236 # [msec]
   Debug_Time(4):    4.976 # [msec]
   Debug_Time(5):    5.878 # [msec]
-
   Version      : 1.7
   Ways         : 16
   Words        : 2
   Feedback     : 0
   WordBits     : 32
   IndexBits    : 32
   Sort Order   : 0
   Sign Compare : 0
   Max Size     : 268435455
   Debug Enable : 1
   size         : 890000
   average_time :   21.935 # [msec]
   throughput   :   40.575 # [mwords/sec]
   Debug_Time(0):   53.798 # [msec]
   Debug_Time(1):   17.803 # [msec]
   Debug_Time(2):   16.821 # [msec]
   Debug_Time(3):    8.275 # [msec]
   Debug_Time(4):    5.007 # [msec]
   Debug_Time(5):    5.892 # [msec]
-
   Version      : 1.7
   Ways         : 16
   Words        : 2
   Feedback     : 0
   WordBits     : 32
   IndexBits    : 32
   Sort Order   : 0
   Sign Compare : 0
   Max Size     : 268435455
   Debug Enable : 1
   size         : 895000
   average_time :   22.037 # [msec]
   throughput   :   40.614 # [mwords/sec]
   Debug_Time(0):   53.947 # [msec]
   Debug_Time(1):   17.771 # [msec]
   Debug_Time(2):   16.917 # [msec]
   Debug_Time(3):    8.322 # [msec]
   Debug_Time(4):    5.034 # [msec]
   Debug_Time(5):    5.903 # [msec]
-
   Version      : 1.7
   Ways         : 16
   Words        : 2
   Feedback     : 0
   WordBits     : 32
   IndexBits    : 32
   Sort Order   : 0
   Sign Compare : 0
   Max Size     : 268435455
   Debug Enable : 1
   size         : 900000
   average_time :   22.134 # [msec]
   throughput   :   40.661 # [mwords/sec]
   Debug_Time(0):   54.125 # [msec]
   Debug_Time(1):   17.762 # [msec]
   Debug_Time(2):   17.007 # [msec]
   Debug_Time(3):    8.372 # [msec]
   Debug_Time(4):    5.052 # [msec]
   Debug_Time(5):    5.933 # [msec]
-
   Version      : 1.7
   Ways         : 16
   Words        : 2
   Feedback     : 0
   WordBits     : 32
   IndexBits    : 32
   Sort Order   : 0
   Sign Compare : 0
   Max Size     : 268435455
   Debug Enable : 1
   size         : 905000
   average_time :   22.237 # [msec]
   throughput   :   40.698 # [mwords/sec]
   Debug_Time(0):   54.360 # [msec]
   Debug_Time(1):   17.837 # [msec]
   Debug_Time(2):   17.097 # [msec]
   Debug_Time(3):    8.408 # [msec]
   Debug_Time(4):    5.086 # [msec]
   Debug_Time(5):    5.932 # [msec]
-
   Version      : 1.7
   Ways         : 16
   Words        : 2
   Feedback     : 0
   WordBits     : 32
   IndexBits    : 32
   Sort Order   : 0
   Sign Compare : 0
   Max Size     : 268435455
   Debug Enable : 1
   size         : 910000
   average_time :   22.363 # [msec]
   throughput   :   40.691 # [mwords/sec]
   Debug_Time(0):   54.845 # [msec]
   Debug_Time(1):   18.102 # [msec]
   Debug_Time(2):   17.191 # [msec]
   Debug_Time(3):    8.464 # [msec]
   Debug_Time(4):    5.109 # [msec]
   Debug_Time(5):    5.978 # [msec]
-
   Version      : 1.7
   Ways         : 16
   Words        : 2
   Feedback     : 0
   WordBits     : 32
   IndexBits    : 32
   Sort Order   : 0
   Sign Compare : 0
   Max Size     : 268435455
   Debug Enable : 1
   size         : 915000
   average_time :   22.520 # [msec]
   throughput   :   40.630 # [mwords/sec]
   Debug_Time(0):   55.277 # [msec]
   Debug_Time(1):   18.298 # [msec]
   Debug_Time(2):   17.292 # [msec]
   Debug_Time(3):    8.517 # [msec]
   Debug_Time(4):    5.148 # [msec]
   Debug_Time(5):    6.022 # [msec]
-
   Version      : 1.7
   Ways         : 16
   Words        : 2
   Feedback     : 0
   WordBits     : 32
   IndexBits    : 32
   Sort Order   : 0
   Sign Compare : 0
   Max Size     : 268435455
   Debug Enable : 1
   size         : 920000
   average_time :   22.607 # [msec]
   throughput   :   40.695 # [mwords/sec]
   Debug_Time(0):   55.421 # [msec]
   Debug_Time(1):   18.295 # [msec]
   Debug_Time(2):   17.386 # [msec]
   Debug_Time(3):    8.550 # [msec]
   Debug_Time(4):    5.173 # [msec]
   Debug_Time(5):    6.017 # [msec]
-
   Version      : 1.7
   Ways         : 16
   Words        : 2
   Feedback     : 0
   WordBits     : 32
   IndexBits    : 32
   Sort Order   : 0
   Sign Compare : 0
   Max Size     : 268435455
   Debug Enable : 1
   size         : 925000
   average_time :   22.769 # [msec]
   throughput   :   40.626 # [mwords/sec]
   Debug_Time(0):   55.758 # [msec]
   Debug_Time(1):   18.424 # [msec]
   Debug_Time(2):   17.483 # [msec]
   Debug_Time(3):    8.601 # [msec]
   Debug_Time(4):    5.197 # [msec]
   Debug_Time(5):    6.052 # [msec]
-
   Version      : 1.7
   Ways         : 16
   Words        : 2
   Feedback     : 0
   WordBits     : 32
   IndexBits    : 32
   Sort Order   : 0
   Sign Compare : 0
   Max Size     : 268435455
   Debug Enable : 1
   size         : 930000
   average_time :   22.841 # [msec]
   throughput   :   40.717 # [mwords/sec]
   Debug_Time(0):   56.035 # [msec]
   Debug_Time(1):   18.502 # [msec]
   Debug_Time(2):   17.571 # [msec]
   Debug_Time(3):    8.643 # [msec]
   Debug_Time(4):    5.224 # [msec]
   Debug_Time(5):    6.095 # [msec]
-
   Version      : 1.7
   Ways         : 16
   Words        : 2
   Feedback     : 0
   WordBits     : 32
   IndexBits    : 32
   Sort Order   : 0
   Sign Compare : 0
   Max Size     : 268435455
   Debug Enable : 1
   size         : 935000
   average_time :   23.000 # [msec]
   throughput   :   40.652 # [mwords/sec]
   Debug_Time(0):   56.375 # [msec]
   Debug_Time(1):   18.633 # [msec]
   Debug_Time(2):   17.674 # [msec]
   Debug_Time(3):    8.684 # [msec]
   Debug_Time(4):    5.245 # [msec]
   Debug_Time(5):    6.138 # [msec]
-
   Version      : 1.7
   Ways         : 16
   Words        : 2
   Feedback     : 0
   WordBits     : 32
   IndexBits    : 32
   Sort Order   : 0
   Sign Compare : 0
   Max Size     : 268435455
   Debug Enable : 1
   size         : 940000
   average_time :   23.136 # [msec]
   throughput   :   40.629 # [mwords/sec]
   Debug_Time(0):   56.631 # [msec]
   Debug_Time(1):   18.688 # [msec]
   Debug_Time(2):   17.770 # [msec]
   Debug_Time(3):    8.750 # [msec]
   Debug_Time(4):    5.272 # [msec]
   Debug_Time(5):    6.150 # [msec]
-
   Version      : 1.7
   Ways         : 16
   Words        : 2
   Feedback     : 0
   WordBits     : 32
   IndexBits    : 32
   Sort Order   : 0
   Sign Compare : 0
   Max Size     : 268435455
   Debug Enable : 1
   size         : 945000
   average_time :   23.237 # [msec]
   throughput   :   40.667 # [mwords/sec]
   Debug_Time(0):   56.927 # [msec]
   Debug_Time(1):   18.778 # [msec]
   Debug_Time(2):   17.858 # [msec]
   Debug_Time(3):    8.790 # [msec]
   Debug_Time(4):    5.303 # [msec]
   Debug_Time(5):    6.197 # [msec]
-
   Version      : 1.7
   Ways         : 16
   Words        : 2
   Feedback     : 0
   WordBits     : 32
   IndexBits    : 32
   Sort Order   : 0
   Sign Compare : 0
   Max Size     : 268435455
   Debug Enable : 1
   size         : 950000
   average_time :   23.370 # [msec]
   throughput   :   40.651 # [mwords/sec]
   Debug_Time(0):   57.221 # [msec]
   Debug_Time(1):   18.864 # [msec]
   Debug_Time(2):   17.948 # [msec]
   Debug_Time(3):    8.844 # [msec]
   Debug_Time(4):    5.332 # [msec]
   Debug_Time(5):    6.233 # [msec]
-
   Version      : 1.7
   Ways         : 16
   Words        : 2
   Feedback     : 0
   WordBits     : 32
   IndexBits    : 32
   Sort Order   : 0
   Sign Compare : 0
   Max Size     : 268435455
   Debug Enable : 1
   size         : 955000
   average_time :   23.482 # [msec]
   throughput   :   40.669 # [mwords/sec]
   Debug_Time(0):   57.612 # [msec]
   Debug_Time(1):   19.035 # [msec]
   Debug_Time(2):   18.050 # [msec]
   Debug_Time(3):    8.889 # [msec]
   Debug_Time(4):    5.361 # [msec]
   Debug_Time(5):    6.276 # [msec]
-
   Version      : 1.7
   Ways         : 16
   Words        : 2
   Feedback     : 0
   WordBits     : 32
   IndexBits    : 32
   Sort Order   : 0
   Sign Compare : 0
   Max Size     : 268435455
   Debug Enable : 1
   size         : 960000
   average_time :   23.588 # [msec]
   throughput   :   40.699 # [mwords/sec]
   Debug_Time(0):   57.798 # [msec]
   Debug_Time(1):   19.034 # [msec]
   Debug_Time(2):   18.146 # [msec]
   Debug_Time(3):    8.932 # [msec]
   Debug_Time(4):    5.389 # [msec]
   Debug_Time(5):    6.296 # [msec]
-
   Version      : 1.7
   Ways         : 16
   Words        : 2
   Feedback     : 0
   WordBits     : 32
   IndexBits    : 32
   Sort Order   : 0
   Sign Compare : 0
   Max Size     : 268435455
   Debug Enable : 1
   size         : 965000
   average_time :   23.753 # [msec]
   throughput   :   40.626 # [mwords/sec]
   Debug_Time(0):   58.281 # [msec]
   Debug_Time(1):   19.302 # [msec]
   Debug_Time(2):   18.242 # [msec]
   Debug_Time(3):    8.978 # [msec]
   Debug_Time(4):    5.420 # [msec]
   Debug_Time(5):    6.339 # [msec]
-
   Version      : 1.7
   Ways         : 16
   Words        : 2
   Feedback     : 0
   WordBits     : 32
   IndexBits    : 32
   Sort Order   : 0
   Sign Compare : 0
   Max Size     : 268435455
   Debug Enable : 1
   size         : 970000
   average_time :   23.854 # [msec]
   throughput   :   40.663 # [mwords/sec]
   Debug_Time(0):   58.601 # [msec]
   Debug_Time(1):   19.389 # [msec]
   Debug_Time(2):   18.328 # [msec]
   Debug_Time(3):    9.022 # [msec]
   Debug_Time(4):    5.448 # [msec]
   Debug_Time(5):    6.415 # [msec]
-
   Version      : 1.7
   Ways         : 16
   Words        : 2
   Feedback     : 0
   WordBits     : 32
   IndexBits    : 32
   Sort Order   : 0
   Sign Compare : 0
   Max Size     : 268435455
   Debug Enable : 1
   size         : 975000
   average_time :   23.967 # [msec]
   throughput   :   40.680 # [mwords/sec]
   Debug_Time(0):   58.727 # [msec]
   Debug_Time(1):   19.366 # [msec]
   Debug_Time(2):   18.430 # [msec]
   Debug_Time(3):    9.061 # [msec]
   Debug_Time(4):    5.475 # [msec]
   Debug_Time(5):    6.396 # [msec]
-
   Version      : 1.7
   Ways         : 16
   Words        : 2
   Feedback     : 0
   WordBits     : 32
   IndexBits    : 32
   Sort Order   : 0
   Sign Compare : 0
   Max Size     : 268435455
   Debug Enable : 1
   size         : 980000
   average_time :   24.099 # [msec]
   throughput   :   40.665 # [mwords/sec]
   Debug_Time(0):   58.982 # [msec]
   Debug_Time(1):   19.408 # [msec]
   Debug_Time(2):   18.516 # [msec]
   Debug_Time(3):    9.111 # [msec]
   Debug_Time(4):    5.512 # [msec]
   Debug_Time(5):    6.436 # [msec]
-
   Version      : 1.7
   Ways         : 16
   Words        : 2
   Feedback     : 0
   WordBits     : 32
   IndexBits    : 32
   Sort Order   : 0
   Sign Compare : 0
   Max Size     : 268435455
   Debug Enable : 1
   size         : 985000
   average_time :   24.216 # [msec]
   throughput   :   40.675 # [mwords/sec]
   Debug_Time(0):   59.296 # [msec]
   Debug_Time(1):   19.513 # [msec]
   Debug_Time(2):   18.615 # [msec]
   Debug_Time(3):    9.164 # [msec]
   Debug_Time(4):    5.536 # [msec]
   Debug_Time(5):    6.467 # [msec]
-
   Version      : 1.7
   Ways         : 16
   Words        : 2
   Feedback     : 0
   WordBits     : 32
   IndexBits    : 32
   Sort Order   : 0
   Sign Compare : 0
   Max Size     : 268435455
   Debug Enable : 1
   size         : 990000
   average_time :   24.329 # [msec]
   throughput   :   40.692 # [mwords/sec]
   Debug_Time(0):   59.771 # [msec]
   Debug_Time(1):   19.812 # [msec]
   Debug_Time(2):   18.704 # [msec]
   Debug_Time(3):    9.202 # [msec]
   Debug_Time(4):    5.547 # [msec]
   Debug_Time(5):    6.505 # [msec]
-
   Version      : 1.7
   Ways         : 16
   Words        : 2
   Feedback     : 0
   WordBits     : 32
   IndexBits    : 32
   Sort Order   : 0
   Sign Compare : 0
   Max Size     : 268435455
   Debug Enable : 1
   size         : 995000
   average_time :   24.437 # [msec]
   throughput   :   40.717 # [mwords/sec]
   Debug_Time(0):   59.999 # [msec]
   Debug_Time(1):   19.820 # [msec]
   Debug_Time(2):   18.805 # [msec]
   Debug_Time(3):    9.242 # [msec]
   Debug_Time(4):    5.593 # [msec]
   Debug_Time(5):    6.539 # [msec]
-
   Version      : 1.7
   Ways         : 16
   Words        : 2
   Feedback     : 0
   WordBits     : 32
   IndexBits    : 32
   Sort Order   : 0
   Sign Compare : 0
   Max Size     : 268435455
   Debug Enable : 1
   size         : 1000000
   average_time :   24.540 # [msec]
   throughput   :   40.750 # [mwords/sec]
   Debug_Time(0):   60.303 # [msec]
   Debug_Time(1):   19.894 # [msec]
   Debug_Time(2):   18.903 # [msec]
   Debug_Time(3):    9.310 # [msec]
   Debug_Time(4):    5.610 # [msec]
   Debug_Time(5):    6.586 # [msec]
